productId,name,cleanName,imageUrl,categoryId,groupId,url,modifiedOn,imageCount,extNumber,extRarity,extCardType,extHP,extStage,extAttack1,extAttack2,extWeakness,extRetreatCost,lowPrice,midPrice,highPrice,marketPrice,directLowPrice,subTypeName,extResistance,extCardText,extUPC
83505,Alomomola (38),Alomomola 38,https://tcgplayer-cdn.tcgplayer.com/product/83505_200w.jpg,3,1400,https://cpt.tcgcsv.com/7qH,2022-12-27T19:47:38.103,1,38/114,Uncommon,Water,100,Basic,[2] Pound (20),[2WW] Wave Splash (60),Lx2,2,0.1,0.28,9.99,0.28,0.29,Normal,,,
83505,Alomomola (38),Alomomola 38,https://tcgplayer-cdn.tcgplayer.com/product/83505_200w.jpg,3,1400,https://cpt.tcgcsv.com/7qH,2022-12-27T19:47:38.103,1,38/114,Uncommon,Water,100,Basic,[2] Pound (20),[2WW] Wave Splash (60),Lx2,2,0.3,0.75,9.99,0.73,,Reverse Holofoil,,,
83506,Alomomola (39),Alomomola 39,https://tcgplayer-cdn.tcgplayer.com/product/83506_200w.jpg,3,1400,https://cpt.tcgcsv.com/8qH,2025-11-11T03:39:53.517,1,39/114,Rare,Water,100,Basic,[1W] Water Pulse (20) The Defending Pokemon is now Asleep.,[3] Hydro Pump (40) Does 10 more damage for each W Energy attached to this Pokemon.,Lx2,3,0.13,0.75,29.16,0.82,0.97,Normal,,,
83506,Alomomola (39),Alomomola 39,https://tcgplayer-cdn.tcgplayer.com/product/83506_200w.jpg,3,1400,https://cpt.tcgcsv.com/8qH,2025-11-11T03:39:53.517,1,39/114,Rare,Water,100,Basic,[1W] Water Pulse (20) The Defending Pokemon is now Asleep.,[3] Hydro Pump (40) Does 10 more damage for each W Energy attached to this Pokemon.,Lx2,3,0.74,0.8,1.25,1.03,,Reverse Holofoil,,,
83659,Audino,Audino,https://tcgplayer-cdn.tcgplayer.com/product/83659_200w.jpg,3,1400,https://cpt.tcgcsv.com/ctH,2023-03-20T11:22:58.29,1,87/114,Uncommon,Colorless,80,Basic,[2] Doubleslap (30x) Flip 2 coins.  This attack does 30 damage times the number of heads.,,Fx2,2,0.1,0.3,5.0,0.37,,Normal,,,
83659,Audino,Audino,https://tcgplayer-cdn.tcgplayer.com/product/83659_200w.jpg,3,1400,https://cpt.tcgcsv.com/ctH,2023-03-20T11:22:58.29,1,87/114,Uncommon,Colorless,80,Basic,[2] Doubleslap (30x) Flip 2 coins.  This attack does 30 damage times the number of heads.,,Fx2,2,1.0,1.8,6.72,1.71,,Reverse Holofoil,,,
83730,Basculin,Basculin,https://tcgplayer-cdn.tcgplayer.com/product/83730_200w.jpg,3,1400,https://cpt.tcgcsv.com/DvH,2022-12-27T19:47:18.66,1,35/114,Uncommon,Water,70,Basic,"[WW] Crunch (30) Flip a coin.  If heads, discard an Energy attached to the Defending Pokemon.",,Lx2,1,0.1,0.31,3.97,0.31,0.2,Normal,,,
83730,Basculin,Basculin,https://tcgplayer-cdn.tcgplayer.com/product/83730_200w.jpg,3,1400,https://cpt.tcgcsv.com/DvH,2022-12-27T19:47:18.66,1,35/114,Uncommon,Water,70,Basic,"[WW] Crunch (30) Flip a coin.  If heads, discard an Energy attached to the Defending Pokemon.",,Lx2,1,0.84,1.1,3.01,1.7,,Reverse Holofoil,,,
83927,Blitzle (40),Blitzle 40,https://tcgplayer-cdn.tcgplayer.com/product/83927_200w.jpg,3,1400,https://cpt.tcgcsv.com/zBH,2025-11-11T03:37:28.373,1,40/114,Common,Lightning,60,Basic,[1L] Rear Kick (20),,Fx2,1,0.02,0.22,69.98,0.21,0.2,Normal,,,
83927,Blitzle (40),Blitzle 40,https://tcgplayer-cdn.tcgplayer.com/product/83927_200w.jpg,3,1400,https://cpt.tcgcsv.com/zBH,2025-11-11T03:37:28.373,1,40/114,Common,Lightning,60,Basic,[1L] Rear Kick (20),,Fx2,1,0.44,0.48,2.26,1.32,,Reverse Holofoil,,,
83928,Blitzle (41),Blitzle 41,https://tcgplayer-cdn.tcgplayer.com/product/83928_200w.jpg,3,1400,https://cpt.tcgcsv.com/BBH,2025-11-11T03:38:12.967,1,41/114,Common,Lightning,60,Basic,"[1] Stomp (10+) Flip a coin.  If heads, this attack does 10 more damage.",,Fx2,1,0.05,0.23,69.98,0.23,0.23,Normal,,,
83928,Blitzle (41),Blitzle 41,https://tcgplayer-cdn.tcgplayer.com/product/83928_200w.jpg,3,1400,https://cpt.tcgcsv.com/BBH,2025-11-11T03:38:12.967,1,41/114,Common,Lightning,60,Basic,"[1] Stomp (10+) Flip a coin.  If heads, this attack does 10 more damage.",,Fx2,1,0.5,0.85,1.85,0.91,,Reverse Holofoil,,,
83942,Bouffalant (90),Bouffalant 90,https://tcgplayer-cdn.tcgplayer.com/product/83942_200w.jpg,3,1400,https://cpt.tcgcsv.com/SBH,2022-12-27T20:13:00.883,1,90/114,Uncommon,Colorless,90,Basic,[2] Horn Attack (20),[3] Double Stomp (30+) Flip 2 coins.  This attack does 20 more damage for each heads.,Fx2,2,0.14,0.31,5.0,0.32,,Normal,,,
83942,Bouffalant (90),Bouffalant 90,https://tcgplayer-cdn.tcgplayer.com/product/83942_200w.jpg,3,1400,https://cpt.tcgcsv.com/SBH,2022-12-27T20:13:00.883,1,90/114,Uncommon,Colorless,90,Basic,[2] Horn Attack (20),[3] Double Stomp (30+) Flip 2 coins.  This attack does 20 more damage for each heads.,Fx2,2,1.4,1.77,2.97,2.45,,Reverse Holofoil,,,
83943,Bouffalant (91),Bouffalant 91,https://tcgplayer-cdn.tcgplayer.com/product/83943_200w.jpg,3,1400,https://cpt.tcgcsv.com/TBH,2022-12-27T20:13:10.64,1,91/114,Rare,Colorless,100,Basic,"[2] Revenge (20+) If any of your Pokemon were Knocked Out by damage from an opponent's attack during his or her last turn, this attack does 70 more damage.","[4] Head Charge (80) Flip a coin.  If tails, this Pokemon does 20 damage to itself.",Fx2,2,0.32,0.67,7.47,0.86,,Normal,,,
83943,Bouffalant (91),Bouffalant 91,https://tcgplayer-cdn.tcgplayer.com/product/83943_200w.jpg,3,1400,https://cpt.tcgcsv.com/TBH,2022-12-27T20:13:10.64,1,91/114,Rare,Colorless,100,Basic,"[2] Revenge (20+) If any of your Pokemon were Knocked Out by damage from an opponent's attack during his or her last turn, this attack does 70 more damage.","[4] Head Charge (80) Flip a coin.  If tails, this Pokemon does 20 damage to itself.",Fx2,2,0.25,1.48,4.25,1.48,,Reverse Holofoil,,,
84317,Cinccino,Cinccino,https://tcgplayer-cdn.tcgplayer.com/product/84317_200w.jpg,3,1400,https://cpt.tcgcsv.com/mLH,2022-12-27T20:12:52.65,1,89/114,Rare,Colorless,90,Stage 1,[1] Tail Slap (20x) Flip 2 coins.  This attack does 20 damage times the number of heads.,[2] Do the Wave (20x) Does 20 damage times the number of your Benched Pokemon.,Fx2,1,0.28,0.6,2.4,0.61,0.75,Normal,,,
84317,Cinccino,Cinccino,https://tcgplayer-cdn.tcgplayer.com/product/84317_200w.jpg,3,1400,https://cpt.tcgcsv.com/mLH,2022-12-27T20:12:52.65,1,89/114,Rare,Colorless,90,Stage 1,[1] Tail Slap (20x) Flip 2 coins.  This attack does 20 damage times the number of heads.,[2] Do the Wave (20x) Does 20 damage times the number of your Benched Pokemon.,Fx2,1,0.96,2.3,9.99,2.34,,Reverse Holofoil,,,
84679,Darkness Energy (Basic),Darkness Energy Basic,https://tcgplayer-cdn.tcgplayer.com/product/84679_200w.jpg,3,1400,https://cpt.tcgcsv.com/CTH,2022-12-27T20:16:43.883,1,111/114,Common,Energy,0,Energy,,,,,2.84,3.36,4.19,4.31,,Normal,,,
84713,Darmanitan,Darmanitan,https://tcgplayer-cdn.tcgplayer.com/product/84713_200w.jpg,3,1400,https://cpt.tcgcsv.com/hVH,2024-07-26T16:42:55.587,1,25/114,Rare,Fire,120,Stage 1,[1R] Fire Fang (20) The Defending Pokemon is now Burned.,"[2R] Thrash (70+) Flip a coin.  If heads, this attack does 20 more damage.  If tails, this Pokemon does 20 damage to itself.",Wx2,2,0.2,0.6,2.99,0.83,,Normal,,,
84713,Darmanitan,Darmanitan,https://tcgplayer-cdn.tcgplayer.com/product/84713_200w.jpg,3,1400,https://cpt.tcgcsv.com/hVH,2024-07-26T16:42:55.587,1,25/114,Rare,Fire,120,Stage 1,[1R] Fire Fang (20) The Defending Pokemon is now Burned.,"[2R] Thrash (70+) Flip a coin.  If heads, this attack does 20 more damage.  If tails, this Pokemon does 20 damage to itself.",Wx2,2,0.92,1.96,3.99,1.85,,Reverse Holofoil,,,
84717,Darumaka (23),Darumaka 23,https://tcgplayer-cdn.tcgplayer.com/product/84717_200w.jpg,3,1400,https://cpt.tcgcsv.com/mVH,2022-12-27T19:45:36.007,1,23/114,Common,Fire,70,Basic,"[R] Firebreathing (10+) Flip a coin.  If heads, this attack does 10 more damage.",,Wx2,2,0.02,0.24,1.49,0.25,,Normal,,,
84717,Darumaka (23),Darumaka 23,https://tcgplayer-cdn.tcgplayer.com/product/84717_200w.jpg,3,1400,https://cpt.tcgcsv.com/mVH,2022-12-27T19:45:36.007,1,23/114,Common,Fire,70,Basic,"[R] Firebreathing (10+) Flip a coin.  If heads, this attack does 10 more damage.",,Wx2,2,0.53,0.76,3.01,1.12,,Reverse Holofoil,,,
84718,Darumaka (24),Darumaka 24,https://tcgplayer-cdn.tcgplayer.com/product/84718_200w.jpg,3,1400,https://cpt.tcgcsv.com/nVH,2023-04-17T18:27:37.147,1,24/114,Uncommon,Fire,70,Basic,[R] Singe - Flip a coin.  The Defending Pokemon is now Burned.,[2] Rollout (20),Wx2,2,0.01,0.44,5.0,0.56,0.27,Normal,,,
84718,Darumaka (24),Darumaka 24,https://tcgplayer-cdn.tcgplayer.com/product/84718_200w.jpg,3,1400,https://cpt.tcgcsv.com/nVH,2023-04-17T18:27:37.147,1,24/114,Uncommon,Fire,70,Basic,[R] Singe - Flip a coin.  The Defending Pokemon is now Burned.,[2] Rollout (20),Wx2,2,0.57,0.88,3.98,1.56,,Reverse Holofoil,,,
84724,Deerling,Deerling,https://tcgplayer-cdn.tcgplayer.com/product/84724_200w.jpg,3,1400,https://cpt.tcgcsv.com/vVH,2025-12-11T01:16:53.417,1,13/114,Common,Grass,60,Basic,[1] Double Kick (10x) Flip 2 coins.  This attack does 10 damage times the number of heads.,[1G] Leech Seed (20) Heal 10 damage from this Pokemon.,Rx2,1,0.09,0.49,1.94,0.52,0.98,Normal,W-20,,
84724,Deerling,Deerling,https://tcgplayer-cdn.tcgplayer.com/product/84724_200w.jpg,3,1400,https://cpt.tcgcsv.com/vVH,2025-12-11T01:16:53.417,1,13/114,Common,Grass,60,Basic,[1] Double Kick (10x) Flip 2 coins.  This attack does 10 damage times the number of heads.,[1G] Leech Seed (20) Heal 10 damage from this Pokemon.,Rx2,1,1.64,1.71,1.78,2.48,,Reverse Holofoil,W-20,,
84793,Dewott (29),Dewott 29,https://tcgplayer-cdn.tcgplayer.com/product/84793_200w.jpg,3,1400,https://cpt.tcgcsv.com/TWH,2022-12-27T19:46:29.193,1,29/114,Uncommon,Water,90,Stage 1,[2] Water Gun (30),"[1WW] Razor Shell (40+) Flip a coin.  If heads, this attack does 20 more damage.",Lx2,1,0.05,0.3,69.98,0.3,0.21,Normal,,,
84793,Dewott (29),Dewott 29,https://tcgplayer-cdn.tcgplayer.com/product/84793_200w.jpg,3,1400,https://cpt.tcgcsv.com/TWH,2022-12-27T19:46:29.193,1,29/114,Uncommon,Water,90,Stage 1,[2] Water Gun (30),"[1WW] Razor Shell (40+) Flip a coin.  If heads, this attack does 20 more damage.",Lx2,1,0.69,1.64,3.01,2.01,,Reverse Holofoil,,,
84794,Dewott (30),Dewott 30,https://tcgplayer-cdn.tcgplayer.com/product/84794_200w.jpg,3,1400,https://cpt.tcgcsv.com/VWH,2025-11-20T21:04:03.583,1,30/114,Uncommon,Water,80,Stage 1,[2] Aqua Tail (30+) Flip a coin for each W Energy attached to this Pokemon.  This attack does 10 more damage for each heads.,,Lx2,1,0.15,0.35,29.99,0.35,0.5,Normal,,,
84794,Dewott (30),Dewott 30,https://tcgplayer-cdn.tcgplayer.com/product/84794_200w.jpg,3,1400,https://cpt.tcgcsv.com/VWH,2025-11-20T21:04:03.583,1,30/114,Uncommon,Water,80,Stage 1,[2] Aqua Tail (30+) Flip a coin for each W Energy attached to this Pokemon.  This attack does 10 more damage for each heads.,,Lx2,1,0.84,1.35,2.18,1.85,,Reverse Holofoil,,,
84990,Ducklett,Ducklett,https://tcgplayer-cdn.tcgplayer.com/product/84990_200w.jpg,3,1400,https://cpt.tcgcsv.com/Q_H,2025-11-11T03:40:59.767,1,36/114,Common,Water,60,Basic,[W] Water Gun (10),,Lx2,1,0.05,0.25,5.0,0.3,0.25,Normal,F-20,,
84990,Ducklett,Ducklett,https://tcgplayer-cdn.tcgplayer.com/product/84990_200w.jpg,3,1400,https://cpt.tcgcsv.com/Q_H,2025-11-11T03:40:59.767,1,36/114,Common,Water,60,Basic,[W] Water Gun (10),,Lx2,1,1.08,1.25,2.85,1.77,,Reverse Holofoil,F-20,,
85016,Duosion,Duosion,https://tcgplayer-cdn.tcgplayer.com/product/85016_200w.jpg,3,1400,https://cpt.tcgcsv.com/l0J,2022-12-27T19:57:49.65,1,56/114,Uncommon,Psychic,60,Stage 1,[1] Recover - Discard an Energy attached to this Pokemon and heal all damage from this Pokemon.,[1P] Rollout (30),Px2,1,0.11,0.5,5.0,0.54,,Normal,,,
85016,Duosion,Duosion,https://tcgplayer-cdn.tcgplayer.com/product/85016_200w.jpg,3,1400,https://cpt.tcgcsv.com/l0J,2022-12-27T19:57:49.65,1,56/114,Uncommon,Psychic,60,Stage 1,[1] Recover - Discard an Energy attached to this Pokemon and heal all damage from this Pokemon.,[1P] Rollout (30),Px2,1,0.83,1.99,3.36,2.24,,Reverse Holofoil,,,
85181,Emboar (19),Emboar 19,https://tcgplayer-cdn.tcgplayer.com/product/85181_200w.jpg,3,1400,https://cpt.tcgcsv.com/F5J,2022-12-27T19:43:37.18,1,19/114,Holo Rare,Fire,150,Stage 2,[2R] Heat Crash (50),[2RR] Flare Blitz (150) Discard all R Energy attached to this Pokemon.,Wx2,4,1.25,1.86,29.99,2.13,,Holofoil,,,
85181,Emboar (19),Emboar 19,https://tcgplayer-cdn.tcgplayer.com/product/85181_200w.jpg,3,1400,https://cpt.tcgcsv.com/F5J,2022-12-27T19:43:37.18,1,19/114,Holo Rare,Fire,150,Stage 2,[2R] Heat Crash (50),[2RR] Flare Blitz (150) Discard all R Energy attached to this Pokemon.,Wx2,4,1.84,3.23,6.99,3.23,,Reverse Holofoil,,,
85182,Emboar (20),Emboar 20,https://tcgplayer-cdn.tcgplayer.com/product/85182_200w.jpg,3,1400,https://cpt.tcgcsv.com/G5J,2022-12-27T19:43:44.16,1,20/114,Holo Rare,Fire,150,Stage 2,[2RR] Heat Crash (80),,Wx2,4,2.15,3.0,4.99,3.15,,Holofoil,,"Inferno Fandango - As often as you like during your turn (before your attack), you may attach a R Energy card from your hand to 1 of your Pokemon.  (Ability)",
85182,Emboar (20),Emboar 20,https://tcgplayer-cdn.tcgplayer.com/product/85182_200w.jpg,3,1400,https://cpt.tcgcsv.com/G5J,2022-12-27T19:43:44.16,1,20/114,Holo Rare,Fire,150,Stage 2,[2RR] Heat Crash (80),,Wx2,4,2.75,3.85,7.44,4.79,,Reverse Holofoil,,"Inferno Fandango - As often as you like during your turn (before your attack), you may attach a R Energy card from your hand to 1 of your Pokemon.  (Ability)",
85230,Energy Retrieval,Energy Retrieval,https://tcgplayer-cdn.tcgplayer.com/product/85230_200w.jpg,3,1400,https://cpt.tcgcsv.com/D6J,2024-07-26T16:42:55.773,1,92/114,Uncommon,Item,0,Item,Put 2 basic Energy cards from your discard pile into your hand.,,,,0.02,0.2,5.0,0.14,,Normal,,You may play as many Item cards as you like during your turn (before your attack).,
85230,Energy Retrieval,Energy Retrieval,https://tcgplayer-cdn.tcgplayer.com/product/85230_200w.jpg,3,1400,https://cpt.tcgcsv.com/D6J,2024-07-26T16:42:55.773,1,92/114,Uncommon,Item,0,Item,Put 2 basic Energy cards from your discard pile into your hand.,,,,0.25,0.8,3.98,0.78,,Reverse Holofoil,,You may play as many Item cards as you like during your turn (before your attack).,
85249,Energy Search,Energy Search,https://tcgplayer-cdn.tcgplayer.com/product/85249_200w.jpg,3,1400,https://cpt.tcgcsv.com/_6J,2025-11-11T03:44:42.05,1,93/114,Common,Item,0,Item,"Search your deck for a basic Energy card, reveal it, and put it into your hand.  Shuffle your deck afterward.",,,,0.01,0.25,5.0,0.23,0.1,Normal,,You may play as many Item cards as you like during your turn (before your attack).,
85249,Energy Search,Energy Search,https://tcgplayer-cdn.tcgplayer.com/product/85249_200w.jpg,3,1400,https://cpt.tcgcsv.com/_6J,2025-11-11T03:44:42.05,1,93/114,Common,Item,0,Item,"Search your deck for a basic Energy card, reveal it, and put it into your hand.  Shuffle your deck afterward.",,,,0.14,0.99,3.39,1.76,,Reverse Holofoil,,You may play as many Item cards as you like during your turn (before your attack).,
85262,Energy Switch,Energy Switch,https://tcgplayer-cdn.tcgplayer.com/product/85262_200w.jpg,3,1400,https://cpt.tcgcsv.com/g7J,2022-12-27T20:13:37.487,1,94/114,Uncommon,Item,0,Item,Move a basic Energy card attached to 1 of your Pokemon to another of your Pokemon.,,,,0.04,0.3,4.0,0.31,,Normal,,You may play as many Item cards as you like during your turn (before your attack).,
85262,Energy Switch,Energy Switch,https://tcgplayer-cdn.tcgplayer.com/product/85262_200w.jpg,3,1400,https://cpt.tcgcsv.com/g7J,2022-12-27T20:13:37.487,1,94/114,Uncommon,Item,0,Item,Move a basic Energy card attached to 1 of your Pokemon to another of your Pokemon.,,,,0.35,0.6,5.0,0.78,,Reverse Holofoil,,You may play as many Item cards as you like during your turn (before your attack).,
85446,Fighting Energy,Fighting Energy,https://tcgplayer-cdn.tcgplayer.com/product/85446_200w.jpg,3,1400,https://cpt.tcgcsv.com/XbJ,2025-12-11T01:18:46.11,1,110/114,Common,Energy,0,Energy,,,,,0.78,1.24,2.05,2.12,,Normal,,,
85466,Fire Energy,Fire Energy,https://tcgplayer-cdn.tcgplayer.com/product/85466_200w.jpg,3,1400,https://cpt.tcgcsv.com/lcJ,2022-12-27T20:15:53.727,1,106/114,Common,Energy,0,Energy,,,,,1.75,2.08,2.62,2.62,,Normal,,,
85580,Full Heal,Full Heal,https://tcgplayer-cdn.tcgplayer.com/product/85580_200w.jpg,3,1400,https://cpt.tcgcsv.com/DfJ,2023-04-04T10:24:49.757,1,95/114,Uncommon,Item,0,Item,Remove all Special Conditions from your Active Pokemon.,,,,0.03,0.25,4.0,0.26,0.15,Normal,,You may play as many Item cards as you like during your turn (before your attack).,
85580,Full Heal,Full Heal,https://tcgplayer-cdn.tcgplayer.com/product/85580_200w.jpg,3,1400,https://cpt.tcgcsv.com/DfJ,2023-04-04T10:24:49.757,1,95/114,Uncommon,Item,0,Item,Remove all Special Conditions from your Active Pokemon.,,,,0.15,0.48,2.42,0.49,,Reverse Holofoil,,You may play as many Item cards as you like during your turn (before your attack).,
85610,Galvantula,Galvantula,https://tcgplayer-cdn.tcgplayer.com/product/85610_200w.jpg,3,1400,https://cpt.tcgcsv.com/dgJ,2025-11-11T03:36:46.027,1,46/114,Rare,Lightning,80,Stage 1,[L] Electroweb (20) The Defending Pokemon can't retreat during your opponent's next turn.,[2] Leech Life (40) Heal from this Pokemon the same amount of damage you did to the Defending Pokemon.,Fx2,1,0.19,0.44,2.25,0.5,,Normal,,,
85610,Galvantula,Galvantula,https://tcgplayer-cdn.tcgplayer.com/product/85610_200w.jpg,3,1400,https://cpt.tcgcsv.com/dgJ,2025-11-11T03:36:46.027,1,46/114,Rare,Lightning,80,Stage 1,[L] Electroweb (20) The Defending Pokemon can't retreat during your opponent's next turn.,[2] Leech Life (40) Heal from this Pokemon the same amount of damage you did to the Defending Pokemon.,Fx2,1,1.0,1.66,2.85,1.71,,Reverse Holofoil,,,
85881,Grass Energy,Grass Energy,https://tcgplayer-cdn.tcgplayer.com/product/85881_200w.jpg,3,1400,https://cpt.tcgcsv.com/FmJ,2025-12-11T01:20:26.763,1,105/114,Common,Energy,0,Energy,,,,,2.0,2.78,3.08,3.04,,Normal,,,
85980,Gurdurr,Gurdurr,https://tcgplayer-cdn.tcgplayer.com/product/85980_200w.jpg,3,1400,https://cpt.tcgcsv.com/DpJ,2022-12-27T19:59:48.58,1,60/114,Uncommon,Fighting,80,Stage 1,"[1] Bulk Up (20) During your next turn, each of this Pokemon's attacks does 20 more damage (before applying Weakness and Resistance).",[1FF] Pound (60),Px2,2,0.2,0.48,1.54,0.52,,Normal,,,
85980,Gurdurr,Gurdurr,https://tcgplayer-cdn.tcgplayer.com/product/85980_200w.jpg,3,1400,https://cpt.tcgcsv.com/DpJ,2022-12-27T19:59:48.58,1,60/114,Uncommon,Fighting,80,Stage 1,"[1] Bulk Up (20) During your next turn, each of this Pokemon's attacks does 20 more damage (before applying Weakness and Resistance).",[1FF] Pound (60),Px2,2,0.5,1.49,3.98,1.61,,Reverse Holofoil,,,
86069,Herdier,Herdier,https://tcgplayer-cdn.tcgplayer.com/product/86069_200w.jpg,3,1400,https://cpt.tcgcsv.com/prJ,2023-05-08T15:46:56.157,1,82/114,Uncommon,Colorless,80,Stage 1,[2] Collect - Draw 3 cards.,[3] Bite (50),Fx2,1,0.13,0.35,2.06,0.4,,Normal,,,
86069,Herdier,Herdier,https://tcgplayer-cdn.tcgplayer.com/product/86069_200w.jpg,3,1400,https://cpt.tcgcsv.com/prJ,2023-05-08T15:46:56.157,1,82/114,Uncommon,Colorless,80,Stage 1,[2] Collect - Draw 3 cards.,[3] Bite (50),Fx2,1,0.39,0.73,3.84,1.04,,Reverse Holofoil,,,
86353,Joltik (44),Joltik 44,https://tcgplayer-cdn.tcgplayer.com/product/86353_200w.jpg,3,1400,https://cpt.tcgcsv.com/5zJ,2023-03-26T13:34:56.9,1,44/114,Common,Lightning,40,Basic,"[L] Stun Needle (10) Flip a coin.  If heads, the Defending Pokemon is now Paralyzed.",,Fx2,1,0.1,0.3,2.86,0.35,,Normal,,,
86353,Joltik (44),Joltik 44,https://tcgplayer-cdn.tcgplayer.com/product/86353_200w.jpg,3,1400,https://cpt.tcgcsv.com/5zJ,2023-03-26T13:34:56.9,1,44/114,Common,Lightning,40,Basic,"[L] Stun Needle (10) Flip a coin.  If heads, the Defending Pokemon is now Paralyzed.",,Fx2,1,4.61,5.03,1000.0,3.32,,Reverse Holofoil,,,
86354,Joltik (45),Joltik 45,https://tcgplayer-cdn.tcgplayer.com/product/86354_200w.jpg,3,1400,https://cpt.tcgcsv.com/6zJ,2023-11-02T09:48:05.817,1,45/114,Common,Lightning,30,Basic,[1] Leech Life (10) Heal from this Pokemon the same amount of damage you did to the Defending Pokemon.,,Fx2,1,0.01,0.28,2.24,0.27,,Normal,,,
86354,Joltik (45),Joltik 45,https://tcgplayer-cdn.tcgplayer.com/product/86354_200w.jpg,3,1400,https://cpt.tcgcsv.com/6zJ,2023-11-02T09:48:05.817,1,45/114,Common,Lightning,30,Basic,[1] Leech Life (10) Heal from this Pokemon the same amount of damage you did to the Defending Pokemon.,,Fx2,1,1.01,1.72,29.98,2.24,29.98,Reverse Holofoil,,,
86474,Klang,Klang,https://tcgplayer-cdn.tcgplayer.com/product/86474_200w.jpg,3,1400,https://cpt.tcgcsv.com/vCJ,2022-12-27T20:08:49.17,1,75/114,Uncommon,Metal,80,Stage 1,"[M] Bind (10) Flip a coin.  If heads, the Defending Pokemon is now Paralyzed.",[2M] Gear Grind (60x) Flip 2 coins.  This attack does 60 damage times the number of heads.,Rx2,2,0.15,0.35,5.0,0.4,0.35,Normal,P-20,,
86474,Klang,Klang,https://tcgplayer-cdn.tcgplayer.com/product/86474_200w.jpg,3,1400,https://cpt.tcgcsv.com/vCJ,2022-12-27T20:08:49.17,1,75/114,Uncommon,Metal,80,Stage 1,"[M] Bind (10) Flip a coin.  If heads, the Defending Pokemon is now Paralyzed.",[2M] Gear Grind (60x) Flip 2 coins.  This attack does 60 damage times the number of heads.,Rx2,2,0.7,1.03,1.34,0.96,,Reverse Holofoil,P-20,,
86479,Klink,Klink,https://tcgplayer-cdn.tcgplayer.com/product/86479_200w.jpg,3,1400,https://cpt.tcgcsv.com/CCJ,2025-11-11T03:33:51.22,1,74/114,Common,Metal,60,Basic,"[M] Bind (10) Flip a coin.  If heads, the Defending Pokemon is now Paralyzed.",,Rx2,2,0.05,0.25,5.0,0.27,0.16,Normal,P-20,,
86479,Klink,Klink,https://tcgplayer-cdn.tcgplayer.com/product/86479_200w.jpg,3,1400,https://cpt.tcgcsv.com/CCJ,2025-11-11T03:33:51.22,1,74/114,Common,Metal,60,Basic,"[M] Bind (10) Flip a coin.  If heads, the Defending Pokemon is now Paralyzed.",,Rx2,2,0.5,1.02,9.09,1.46,,Reverse Holofoil,P-20,,
86485,Klinklang,Klinklang,https://tcgplayer-cdn.tcgplayer.com/product/86485_200w.jpg,3,1400,https://cpt.tcgcsv.com/KCJ,2022-12-27T20:08:57.683,1,76/114,Holo Rare,Metal,140,Stage 2,[2M] Gear Grind (80x) Flip 2 coins.  This attack does 80 damage times the number of heads.,,Rx2,3,0.99,1.25,5.99,1.24,1.1,Holofoil,P-20,"Shift Gear - As often as you like during your turn (before your attack), you may move a M Energy attached to 1 of your Pokemon to another of your Pokemon.  (Ability)",
86485,Klinklang,Klinklang,https://tcgplayer-cdn.tcgplayer.com/product/86485_200w.jpg,3,1400,https://cpt.tcgcsv.com/KCJ,2022-12-27T20:08:57.683,1,76/114,Holo Rare,Metal,140,Stage 2,[2M] Gear Grind (80x) Flip 2 coins.  This attack does 80 damage times the number of heads.,,Rx2,3,1.0,1.7,5.06,3.79,,Reverse Holofoil,P-20,"Shift Gear - As often as you like during your turn (before your attack), you may move a M Energy attached to 1 of your Pokemon to another of your Pokemon.  (Ability)",
86536,Krokorok,Krokorok,https://tcgplayer-cdn.tcgplayer.com/product/86536_200w.jpg,3,1400,https://cpt.tcgcsv.com/LDJ,2022-12-27T20:05:53.5,1,64/114,Uncommon,Fighting,90,Stage 1,[1] Torment (10) Choose 1 of the Defending Pokemon's attacks.  That Pokemon can't use that attack during your opponent's next turn.,[2F] Bite (50),Wx2,2,0.19,0.49,6.99,0.47,1.43,Normal,L-20,,
86536,Krokorok,Krokorok,https://tcgplayer-cdn.tcgplayer.com/product/86536_200w.jpg,3,1400,https://cpt.tcgcsv.com/LDJ,2022-12-27T20:05:53.5,1,64/114,Uncommon,Fighting,90,Stage 1,[1] Torment (10) Choose 1 of the Defending Pokemon's attacks.  That Pokemon can't use that attack during your opponent's next turn.,[2F] Bite (50),Wx2,2,0.44,1.41,29.98,1.42,29.98,Reverse Holofoil,L-20,,
86541,Krookodile,Krookodile,https://tcgplayer-cdn.tcgplayer.com/product/86541_200w.jpg,3,1400,https://cpt.tcgcsv.com/RDJ,2023-11-11T04:45:27.303,1,65/114,Holo Rare,Fighting,140,Stage 2,[2] Torment (20) Choose 1 of the Defending Pokemon's attacks.  That Pokemon can't use that attack during your opponent's next turn.,"[2FF] Krookoroll (60+) If the Defending Pokemon already has any damage counters on it, this attack does 40 more damage.",Wx2,3,0.79,1.98,6.73,2.03,,Holofoil,L-20,,
86541,Krookodile,Krookodile,https://tcgplayer-cdn.tcgplayer.com/product/86541_200w.jpg,3,1400,https://cpt.tcgcsv.com/RDJ,2023-11-11T04:45:27.303,1,65/114,Holo Rare,Fighting,140,Stage 2,[2] Torment (20) Choose 1 of the Defending Pokemon's attacks.  That Pokemon can't use that attack during your opponent's next turn.,"[2FF] Krookoroll (60+) If the Defending Pokemon already has any damage counters on it, this attack does 40 more damage.",Wx2,3,1.41,2.39,4.0,2.46,1.8,Reverse Holofoil,L-20,,
86725,Liepard,Liepard,https://tcgplayer-cdn.tcgplayer.com/product/86725_200w.jpg,3,1400,https://cpt.tcgcsv.com/wJJ,2022-12-27T20:06:49.017,1,67/114,Rare,Darkness,80,Stage 1,[1] Taunt - Switch the Defending Pokemon with 1 of your opponent's Benched Pokemon.,"[2] Sucker Punch (30+) If this Pokemon has any D Energy attached to it, this attack does 30 more damage.",Fx2,1,0.43,0.75,9.09,0.87,,Normal,P-20,,
86725,Liepard,Liepard,https://tcgplayer-cdn.tcgplayer.com/product/86725_200w.jpg,3,1400,https://cpt.tcgcsv.com/wJJ,2022-12-27T20:06:49.017,1,67/114,Rare,Darkness,80,Stage 1,[1] Taunt - Switch the Defending Pokemon with 1 of your opponent's Benched Pokemon.,"[2] Sucker Punch (30+) If this Pokemon has any D Energy attached to it, this attack does 30 more damage.",Fx2,1,0.93,1.4,2.99,1.68,,Reverse Holofoil,P-20,,
86782,Lightning Energy,Lightning Energy,https://tcgplayer-cdn.tcgplayer.com/product/86782_200w.jpg,3,1400,https://cpt.tcgcsv.com/GKJ,2022-12-27T20:16:13.663,1,108/114,Common,Energy,0,Energy,,,,,1.45,3.53,6.24,5.4,,Normal,,,
86792,Lilligant,Lilligant,https://tcgplayer-cdn.tcgplayer.com/product/86792_200w.jpg,3,1400,https://cpt.tcgcsv.com/SKJ,2022-12-27T19:42:24.143,1,10/114,Rare,Grass,80,Stage 1,[G] Petal Dance (30x) Flip 3 coins.  This attack does 30 damage times the number of heads.  This Pokemon is now Confused.,[1G] Leaf Storm (30) Heal 20 damage from each of your G Pokemon.,Rx2,1,0.6,0.85,4.49,1.0,1.0,Normal,W-20,,
86792,Lilligant,Lilligant,https://tcgplayer-cdn.tcgplayer.com/product/86792_200w.jpg,3,1400,https://cpt.tcgcsv.com/SKJ,2022-12-27T19:42:24.143,1,10/114,Rare,Grass,80,Stage 1,[G] Petal Dance (30x) Flip 3 coins.  This attack does 30 damage times the number of heads.  This Pokemon is now Confused.,[1G] Leaf Storm (30) Heal 20 damage from each of your G Pokemon.,Rx2,1,2.05,2.43,4.58,3.6,,Reverse Holofoil,W-20,,
86797,Lillipup (80),Lillipup 80,https://tcgplayer-cdn.tcgplayer.com/product/86797_200w.jpg,3,1400,https://cpt.tcgcsv.com/ZKJ,2025-12-11T01:21:37.797,1,80/114,Common,Colorless,50,Basic,[1] Pickup - Put an item from your discard pile into your hand.,[1] Bite (10),Fx2,1,0.14,0.33,5.0,0.35,0.36,Normal,,,
86797,Lillipup (80),Lillipup 80,https://tcgplayer-cdn.tcgplayer.com/product/86797_200w.jpg,3,1400,https://cpt.tcgcsv.com/ZKJ,2025-12-11T01:21:37.797,1,80/114,Common,Colorless,50,Basic,[1] Pickup - Put an item from your discard pile into your hand.,[1] Bite (10),Fx2,1,2.8,3.69,6.39,3.69,,Reverse Holofoil,,,
86798,Lillipup (81),Lillipup 81,https://tcgplayer-cdn.tcgplayer.com/product/86798_200w.jpg,3,1400,https://cpt.tcgcsv.com/-KJ,2022-12-27T20:11:40.817,1,81/114,Common,Colorless,60,Basic,[1] Collect - Draw a card.,[2] Tackle (20),Fx2,1,0.02,0.24,5.0,0.22,0.13,Normal,,,
86798,Lillipup (81),Lillipup 81,https://tcgplayer-cdn.tcgplayer.com/product/86798_200w.jpg,3,1400,https://cpt.tcgcsv.com/-KJ,2022-12-27T20:11:40.817,1,81/114,Common,Colorless,60,Basic,[1] Collect - Draw a card.,[2] Tackle (20),Fx2,1,0.84,1.57,3.14,1.57,,Reverse Holofoil,,,
87150,Mandibuzz,Mandibuzz,https://tcgplayer-cdn.tcgplayer.com/product/87150_200w.jpg,3,1400,https://cpt.tcgcsv.com/0TJ,2022-12-27T20:08:28.707,1,73/114,Rare,Darkness,90,Stage 1,[D] Blindside - Does 50 damage to 1 of your opponent's Pokemon that has any damage counters on it.  (Don't apply Weakness and Resistance for Benched Pokemon.),"[2F] Punishment (40+) If the Defending Pokemon is a Stage 2 Pokemon, this attack does 60 more damage.",Lx2,1,0.22,0.61,2.0,0.67,,Normal,F-20,,
87150,Mandibuzz,Mandibuzz,https://tcgplayer-cdn.tcgplayer.com/product/87150_200w.jpg,3,1400,https://cpt.tcgcsv.com/0TJ,2022-12-27T20:08:28.707,1,73/114,Rare,Darkness,90,Stage 1,[D] Blindside - Does 50 damage to 1 of your opponent's Pokemon that has any damage counters on it.  (Don't apply Weakness and Resistance for Benched Pokemon.),"[2F] Punishment (40+) If the Defending Pokemon is a Stage 2 Pokemon, this attack does 60 more damage.",Lx2,1,0.5,1.21,2.87,1.36,,Reverse Holofoil,F-20,,
87187,Maractus (11),Maractus 11,https://tcgplayer-cdn.tcgplayer.com/product/87187_200w.jpg,3,1400,https://cpt.tcgcsv.com/MTJ,2023-01-12T19:34:06.013,1,11/114,Uncommon,Grass,80,Basic,[G] Mega Drain (20) Heal 20 damage from this Pokemon.,[1GG] Pin Missile (20x) Flip 4 coins.  This attack does 20 damage times the number of heads.,Rx2,2,0.1,0.28,1.49,0.27,,Normal,W-20,,
87187,Maractus (11),Maractus 11,https://tcgplayer-cdn.tcgplayer.com/product/87187_200w.jpg,3,1400,https://cpt.tcgcsv.com/MTJ,2023-01-12T19:34:06.013,1,11/114,Uncommon,Grass,80,Basic,[G] Mega Drain (20) Heal 20 damage from this Pokemon.,[1GG] Pin Missile (20x) Flip 4 coins.  This attack does 20 damage times the number of heads.,Rx2,2,0.98,1.18,4.02,1.46,,Reverse Holofoil,W-20,,
87188,Maractus (12),Maractus 12,https://tcgplayer-cdn.tcgplayer.com/product/87188_200w.jpg,3,1400,https://cpt.tcgcsv.com/NTJ,2022-12-27T19:42:39.193,1,12/114,Rare,Grass,90,Basic,"[G] Constant Rattle - Flip 3 coins.  If 1 of them is heads, this attack does 10 damage.  If 2 of them are heads, this attack does 30 damage.  If all of them are heads, this attack does 60 damage.",[GGG] Giga Drain (50) Heal from this Pokemon the same amount of damage you did to the Defending Pokemon.,Rx2,2,0.25,0.51,4.0,0.54,,Normal,W-20,,
87188,Maractus (12),Maractus 12,https://tcgplayer-cdn.tcgplayer.com/product/87188_200w.jpg,3,1400,https://cpt.tcgcsv.com/NTJ,2022-12-27T19:42:39.193,1,12/114,Rare,Grass,90,Basic,"[G] Constant Rattle - Flip 3 coins.  If 1 of them is heads, this attack does 10 damage.  If 2 of them are heads, this attack does 30 damage.  If all of them are heads, this attack does 60 damage.",[GGG] Giga Drain (50) Heal from this Pokemon the same amount of damage you did to the Defending Pokemon.,Rx2,2,0.5,1.88,29.99,2.13,29.99,Reverse Holofoil,W-20,,
87352,Metal Energy (Basic),Metal Energy Basic,https://tcgplayer-cdn.tcgplayer.com/product/87352_200w.jpg,3,1400,https://cpt.tcgcsv.com/3ZJ,2022-12-27T20:16:51.043,1,112/114,Common,Energy,0,Energy,,,,,2.7,3.16,4.5,4.62,,Normal,,,
87473,Minccino,Minccino,https://tcgplayer-cdn.tcgplayer.com/product/87473_200w.jpg,3,1400,https://cpt.tcgcsv.com/t_J,2024-07-26T16:42:55.987,1,88/114,Common,Colorless,60,Basic,[1] Tail Slap (10x) Flip 2 coins.  This attack does 10 damage times the number of heads.,,Fx2,1,0.09,0.25,5.0,0.26,,Normal,,,
87473,Minccino,Minccino,https://tcgplayer-cdn.tcgplayer.com/product/87473_200w.jpg,3,1400,https://cpt.tcgcsv.com/t_J,2024-07-26T16:42:55.987,1,88/114,Common,Colorless,60,Basic,[1] Tail Slap (10x) Flip 2 coins.  This attack does 10 damage times the number of heads.,,Fx2,1,0.4,0.93,5013.38,1.17,,Reverse Holofoil,,,
87641,Munna,Munna,https://tcgplayer-cdn.tcgplayer.com/product/87641_200w.jpg,3,1400,https://cpt.tcgcsv.com/R3K,2022-12-27T19:54:20.287,1,48/114,Uncommon,Psychic,70,Basic,[1] Hypnosis - The Defending Pokemon is now Asleep.,"[PP] Dream Eater (60) If the Defending Pokemon is not Asleep, this attack does nothing.",Px2,2,0.09,0.3,3.06,0.3,,Normal,,,
87641,Munna,Munna,https://tcgplayer-cdn.tcgplayer.com/product/87641_200w.jpg,3,1400,https://cpt.tcgcsv.com/R3K,2022-12-27T19:54:20.287,1,48/114,Uncommon,Psychic,70,Basic,[1] Hypnosis - The Defending Pokemon is now Asleep.,"[PP] Dream Eater (60) If the Defending Pokemon is not Asleep, this attack does nothing.",Px2,2,0.9,1.45,29.99,1.35,1.76,Reverse Holofoil,,,
87659,Musharna,Musharna,https://tcgplayer-cdn.tcgplayer.com/product/87659_200w.jpg,3,1400,https://cpt.tcgcsv.com/c5K,2022-12-27T19:54:43.38,1,49/114,Rare,Psychic,90,Stage 1,[P] Hypnotic Ray (20) The Defending Pokemon is now Asleep.,"[PP] Dream Eater (90) If the Defending Pokemon is not Asleep, this attack does nothing.",Px2,2,0.18,0.48,4.0,0.51,,Normal,,,
87659,Musharna,Musharna,https://tcgplayer-cdn.tcgplayer.com/product/87659_200w.jpg,3,1400,https://cpt.tcgcsv.com/c5K,2022-12-27T19:54:43.38,1,49/114,Rare,Psychic,90,Stage 1,[P] Hypnotic Ray (20) The Defending Pokemon is now Asleep.,"[PP] Dream Eater (90) If the Defending Pokemon is not Asleep, this attack does nothing.",Px2,2,0.5,0.69,3.99,0.72,,Reverse Holofoil,,,
87890,Oshawott (27),Oshawott 27,https://tcgplayer-cdn.tcgplayer.com/product/87890_200w.jpg,3,1400,https://cpt.tcgcsv.com/Q9K,2023-01-10T05:03:31.91,1,27/114,Common,Water,60,Basic,[W] Tackle (10),[1W] Water Gun (20),Lx2,1,0.04,0.26,5.0,0.25,,Normal,,,
87890,Oshawott (27),Oshawott 27,https://tcgplayer-cdn.tcgplayer.com/product/87890_200w.jpg,3,1400,https://cpt.tcgcsv.com/Q9K,2023-01-10T05:03:31.91,1,27/114,Common,Water,60,Basic,[W] Tackle (10),[1W] Water Gun (20),Lx2,1,1.93,2.55,300.0,2.14,300.0,Reverse Holofoil,,,
87891,Oshawott (28),Oshawott 28,https://tcgplayer-cdn.tcgplayer.com/product/87891_200w.jpg,3,1400,https://cpt.tcgcsv.com/R9K,2024-07-26T16:42:56.04,1,28/114,Common,Water,60,Basic,"[1W] Razor Shell (20+) Flip a coin.  If heads, this attack does 20 more damage.",,Lx2,1,0.15,0.4,5.0,0.45,0.78,Normal,,,
87891,Oshawott (28),Oshawott 28,https://tcgplayer-cdn.tcgplayer.com/product/87891_200w.jpg,3,1400,https://cpt.tcgcsv.com/R9K,2024-07-26T16:42:56.04,1,28/114,Common,Water,60,Basic,"[1W] Razor Shell (20+) Flip a coin.  If heads, this attack does 20 more damage.",,Lx2,1,2.9,3.48,4.99,3.99,,Reverse Holofoil,,,
87927,Panpour,Panpour,https://tcgplayer-cdn.tcgplayer.com/product/87927_200w.jpg,3,1400,https://cpt.tcgcsv.com/zbK,2022-12-27T19:47:05.793,1,33/114,Common,Water,60,Basic,[1] Scratch (10),[2W] Water Gun (30),Lx2,1,0.01,0.21,5.0,0.21,,Normal,,,
87927,Panpour,Panpour,https://tcgplayer-cdn.tcgplayer.com/product/87927_200w.jpg,3,1400,https://cpt.tcgcsv.com/zbK,2022-12-27T19:47:05.793,1,33/114,Common,Water,60,Basic,[1] Scratch (10),[2W] Water Gun (30),Lx2,1,0.33,0.66,1.74,0.66,,Reverse Holofoil,,,
87932,Pansage,Pansage,https://tcgplayer-cdn.tcgplayer.com/product/87932_200w.jpg,3,1400,https://cpt.tcgcsv.com/GbK,2024-07-26T16:42:56.143,1,7/114,Common,Grass,60,Basic,[1] Scratch (10),[2G] Vine Whip (30),Rx2,1,0.05,0.23,5.0,0.22,,Normal,W-20,,
87932,Pansage,Pansage,https://tcgplayer-cdn.tcgplayer.com/product/87932_200w.jpg,3,1400,https://cpt.tcgcsv.com/GbK,2024-07-26T16:42:56.143,1,7/114,Common,Grass,60,Basic,[1] Scratch (10),[2G] Vine Whip (30),Rx2,1,0.3,0.62,0.87,0.58,,Reverse Holofoil,W-20,,
87940,Pansear,Pansear,https://tcgplayer-cdn.tcgplayer.com/product/87940_200w.jpg,3,1400,https://cpt.tcgcsv.com/QbK,2025-12-11T01:23:48.607,1,21/114,Common,Fire,60,Basic,[1] Scratch (10),[2R] Live Coal (30),Wx2,1,0.03,0.21,5.0,0.19,0.11,Normal,,,
87940,Pansear,Pansear,https://tcgplayer-cdn.tcgplayer.com/product/87940_200w.jpg,3,1400,https://cpt.tcgcsv.com/QbK,2025-12-11T01:23:48.607,1,21/114,Common,Fire,60,Basic,[1] Scratch (10),[2R] Live Coal (30),Wx2,1,0.32,0.54,3.14,0.53,,Reverse Holofoil,,,
87961,Patrat (77),Patrat 77,https://tcgplayer-cdn.tcgplayer.com/product/87961_200w.jpg,3,1400,https://cpt.tcgcsv.com/fcK,2026-01-13T18:21:04.523,1,77/114,Common,Colorless,50,Basic,[1] Tackle (10),[2] Bite (20),Fx2,1,0.03,0.23,1.11,0.2,0.21,Normal,,,
87961,Patrat (77),Patrat 77,https://tcgplayer-cdn.tcgplayer.com/product/87961_200w.jpg,3,1400,https://cpt.tcgcsv.com/fcK,2026-01-13T18:21:04.523,1,77/114,Common,Colorless,50,Basic,[1] Tackle (10),[2] Bite (20),Fx2,1,0.5,0.64,1.49,1.0,,Reverse Holofoil,,,
87962,Patrat (78),Patrat 78,https://tcgplayer-cdn.tcgplayer.com/product/87962_200w.jpg,3,1400,https://cpt.tcgcsv.com/gcK,2025-11-11T03:31:38.913,1,78/114,Common,Colorless,60,Basic,"[1] Hyper Fang (30) Flip a coin.  If tails, this attack does nothing.",,Fx2,1,0.04,0.21,1.0,0.21,0.19,Normal,,,
87962,Patrat (78),Patrat 78,https://tcgplayer-cdn.tcgplayer.com/product/87962_200w.jpg,3,1400,https://cpt.tcgcsv.com/gcK,2025-11-11T03:31:38.913,1,78/114,Common,Colorless,60,Basic,"[1] Hyper Fang (30) Flip a coin.  If tails, this attack does nothing.",,Fx2,1,0.47,0.71,2.09,1.91,,Reverse Holofoil,,,
87990,Petilil,Petilil,https://tcgplayer-cdn.tcgplayer.com/product/87990_200w.jpg,3,1400,https://cpt.tcgcsv.com/QcK,2023-03-26T13:35:53.553,1,9/114,Common,Grass,50,Basic,"[G] Magical Leaf (10+) Flip a coin.  If heads, this attack does 10 more damage and heal 10 damage from this Pokemon.",,Rx2,1,0.07,0.22,5.0,0.21,,Normal,W-20,,
87990,Petilil,Petilil,https://tcgplayer-cdn.tcgplayer.com/product/87990_200w.jpg,3,1400,https://cpt.tcgcsv.com/QcK,2023-03-26T13:35:53.553,1,9/114,Common,Grass,50,Basic,"[G] Magical Leaf (10+) Flip a coin.  If heads, this attack does 10 more damage and heal 10 damage from this Pokemon.",,Rx2,1,0.2,0.74,0.99,0.8,,Reverse Holofoil,W-20,,
88054,Pidove,Pidove,https://tcgplayer-cdn.tcgplayer.com/product/88054_200w.jpg,3,1400,https://cpt.tcgcsv.com/6fK,2025-10-31T18:20:54.827,1,84/114,Common,Colorless,50,Basic,"[1] Quick Attack (10+) Flip a coin.  If heads, this attack does 10 more damage.",,Lx2,1,0.04,0.2,5.0,0.19,,Normal,F-20,,
88054,Pidove,Pidove,https://tcgplayer-cdn.tcgplayer.com/product/88054_200w.jpg,3,1400,https://cpt.tcgcsv.com/6fK,2025-10-31T18:20:54.827,1,84/114,Common,Colorless,50,Basic,"[1] Quick Attack (10+) Flip a coin.  If heads, this attack does 10 more damage.",,Lx2,1,0.35,1.02,3.84,1.02,,Reverse Holofoil,F-20,,
88060,Pignite (17),Pignite 17,https://tcgplayer-cdn.tcgplayer.com/product/88060_200w.jpg,3,1400,https://cpt.tcgcsv.com/dfK,2025-12-11T01:24:22.597,1,17/114,Uncommon,Fire,100,Stage 1,[1] Flame Charge - Search your deck for a R Energy card and attach it to this Pokemon.  Shuffle your deck afterward.,[1RR] Heat Crash (50),Wx2,3,0.13,0.5,69.98,0.57,0.23,Normal,,,
88060,Pignite (17),Pignite 17,https://tcgplayer-cdn.tcgplayer.com/product/88060_200w.jpg,3,1400,https://cpt.tcgcsv.com/dfK,2025-12-11T01:24:22.597,1,17/114,Uncommon,Fire,100,Stage 1,[1] Flame Charge - Search your deck for a R Energy card and attach it to this Pokemon.  Shuffle your deck afterward.,[1RR] Heat Crash (50),Wx2,3,2.17,2.92,4.99,3.29,,Reverse Holofoil,,,
88061,Pignite (18),Pignite 18,https://tcgplayer-cdn.tcgplayer.com/product/88061_200w.jpg,3,1400,https://cpt.tcgcsv.com/ffK,2022-12-27T19:43:28.39,1,18/114,Uncommon,Fire,100,Stage 1,[2] Rollout (20),[1RR] Flamethrower (70) Discard an Energy attached to this Pokemon.,Wx2,3,0.32,0.67,29.78,0.73,1.47,Normal,,,
88061,Pignite (18),Pignite 18,https://tcgplayer-cdn.tcgplayer.com/product/88061_200w.jpg,3,1400,https://cpt.tcgcsv.com/ffK,2022-12-27T19:43:28.39,1,18/114,Uncommon,Fire,100,Stage 1,[2] Rollout (20),[1RR] Flamethrower (70) Discard an Energy attached to this Pokemon.,Wx2,3,1.99,2.54,2.75,2.54,,Reverse Holofoil,,,
88101,Pikachu,Pikachu,https://tcgplayer-cdn.tcgplayer.com/product/88101_200w.jpg,3,1400,https://cpt.tcgcsv.com/2gK,2022-12-27T20:17:23.143,1,115/114,Secret Rare,Lightning,60,Basic,[L] Energize - Attach a L Energy card from your discard pile to this Pokemon.,[2L] Thunderbolt (80) Discard all Energy attached to this Pokemon.,Fx2,1,46.5,79.86,125.0,79.86,,Holofoil,,,
88180,PlusPower,PlusPower,https://tcgplayer-cdn.tcgplayer.com/product/88180_200w.jpg,3,1400,https://cpt.tcgcsv.com/DhK,2022-12-27T20:13:54.163,1,96/114,Uncommon,Item,0,Item,"During this turn, your Pokemon's attacks do 10 more damage to the Active Pokemon (before applying Weakness and Resistance).",,,,0.12,0.27,69.98,0.27,0.22,Normal,,You may play as many Item cards as you like during your turn (before your attack).,
88180,PlusPower,PlusPower,https://tcgplayer-cdn.tcgplayer.com/product/88180_200w.jpg,3,1400,https://cpt.tcgcsv.com/DhK,2022-12-27T20:13:54.163,1,96/114,Uncommon,Item,0,Item,"During this turn, your Pokemon's attacks do 10 more damage to the Active Pokemon (before applying Weakness and Resistance).",,,,0.28,0.65,2.42,0.65,,Reverse Holofoil,,You may play as many Item cards as you like during your turn (before your attack).,
88192,Poke Ball,Poke Ball,https://tcgplayer-cdn.tcgplayer.com/product/88192_200w.jpg,3,1400,https://cpt.tcgcsv.com/ShK,2024-07-26T16:42:56.337,1,97/114,Uncommon,Item,0,Item,"Flip a coin.  If heads, search your deck for a Pokemon, reveal it, and put it into your hand.  Shuffle your deck afterward.",,,,0.04,0.24,2.31,0.21,,Normal,,You may play as many Item cards as you like during your turn (before your attack).,
88192,Poke Ball,Poke Ball,https://tcgplayer-cdn.tcgplayer.com/product/88192_200w.jpg,3,1400,https://cpt.tcgcsv.com/ShK,2024-07-26T16:42:56.337,1,97/114,Uncommon,Item,0,Item,"Flip a coin.  If heads, search your deck for a Pokemon, reveal it, and put it into your hand.  Shuffle your deck afterward.",,,,0.2,0.49,2.45,0.64,,Reverse Holofoil,,You may play as many Item cards as you like during your turn (before your attack).,
88200,Pokedex,Pokedex,https://tcgplayer-cdn.tcgplayer.com/product/88200_200w.jpg,3,1400,https://cpt.tcgcsv.com/0jK,2024-07-26T16:42:56.39,1,98/114,Uncommon,Item,0,Item,Look at the top 5 cards of your deck and put them back on top of your deck in any order.,,,,0.07,0.25,1.49,0.27,,Normal,,You may play as many Item cards as you like during your turn (before your attack).,
88200,Pokedex,Pokedex,https://tcgplayer-cdn.tcgplayer.com/product/88200_200w.jpg,3,1400,https://cpt.tcgcsv.com/0jK,2024-07-26T16:42:56.39,1,98/114,Uncommon,Item,0,Item,Look at the top 5 cards of your deck and put them back on top of your deck in any order.,,,,0.15,0.47,2.45,0.58,,Reverse Holofoil,,You may play as many Item cards as you like during your turn (before your attack).,
88223,Pokemon Communication,Pokemon Communication,https://tcgplayer-cdn.tcgplayer.com/product/88223_200w.jpg,3,1400,https://cpt.tcgcsv.com/tjK,2025-12-11T01:24:48.063,1,99/114,Uncommon,Item,0,Item,"Reveal a Pokemon in your hand and put it on top of your deck.  If you do, search your deck for a Pokemon, reveal it, and put it into your hand.  Shuffle your deck afterward.",,,,0.01,0.2,69.98,0.17,0.2,Normal,,You may play as many Item cards as you like during your turn (before your attack).,
88223,Pokemon Communication,Pokemon Communication,https://tcgplayer-cdn.tcgplayer.com/product/88223_200w.jpg,3,1400,https://cpt.tcgcsv.com/tjK,2025-12-11T01:24:48.063,1,99/114,Uncommon,Item,0,Item,"Reveal a Pokemon in your hand and put it on top of your deck.  If you do, search your deck for a Pokemon, reveal it, and put it into your hand.  Shuffle your deck afterward.",,,,0.35,0.94,5.78,1.17,2.32,Reverse Holofoil,,You may play as many Item cards as you like during your turn (before your attack).,
88347,Potion,Potion,https://tcgplayer-cdn.tcgplayer.com/product/88347_200w.jpg,3,1400,https://cpt.tcgcsv.com/ZlK,2024-10-27T12:11:34.277,1,100/114,Common,Item,0,Item,Heal 30 damage from 1 of your Pokemon.,,,,0.01,0.2,69.98,0.19,0.03,Normal,,You may play as many Item cards as you like during your turn (before your attack).,
88347,Potion,Potion,https://tcgplayer-cdn.tcgplayer.com/product/88347_200w.jpg,3,1400,https://cpt.tcgcsv.com/ZlK,2024-10-27T12:11:34.277,1,100/114,Common,Item,0,Item,Heal 30 damage from 1 of your Pokemon.,,,,0.2,0.5,2.42,0.49,,Reverse Holofoil,,You may play as many Item cards as you like during your turn (before your attack).,
88395,Professor Juniper,Professor Juniper,https://tcgplayer-cdn.tcgplayer.com/product/88395_200w.jpg,3,1400,https://cpt.tcgcsv.com/WmK,2024-05-01T11:31:15.363,1,101/114,Uncommon,Supporter,0,Supporter,Discard your hand and draw 7 cards.,,,,0.05,0.27,2.25,0.27,0.25,Normal,,You may play only 1 Supporter card per turn (before your attack).,
88395,Professor Juniper,Professor Juniper,https://tcgplayer-cdn.tcgplayer.com/product/88395_200w.jpg,3,1400,https://cpt.tcgcsv.com/WmK,2024-05-01T11:31:15.363,1,101/114,Uncommon,Supporter,0,Supporter,Discard your hand and draw 7 cards.,,,,0.1,0.95,7.26,1.13,,Reverse Holofoil,,You may play only 1 Supporter card per turn (before your attack).,
88426,Psychic Energy,Psychic Energy,https://tcgplayer-cdn.tcgplayer.com/product/88426_200w.jpg,3,1400,https://cpt.tcgcsv.com/xnK,2023-02-17T10:59:23.233,1,109/114,Common,Energy,0,Energy,,,,,1.5,2.08,2.28,2.14,,Normal,,,
88426,Psychic Energy,Psychic Energy,https://tcgplayer-cdn.tcgplayer.com/product/88426_200w.jpg,3,1400,https://cpt.tcgcsv.com/xnK,2023-02-17T10:59:23.233,1,109/114,Common,Energy,0,Energy,,,,,2.0,2.0,2.0,0.7,,Reverse Holofoil,,,
88457,Purrloin,Purrloin,https://tcgplayer-cdn.tcgplayer.com/product/88457_200w.jpg,3,1400,https://cpt.tcgcsv.com/9pK,2024-07-26T16:42:56.483,1,66/114,Common,Darkness,60,Basic,[1] Scratch (10),[2] Slash (20),Fx2,1,0.05,0.2,5.0,0.17,,Normal,P-20,,
88457,Purrloin,Purrloin,https://tcgplayer-cdn.tcgplayer.com/product/88457_200w.jpg,3,1400,https://cpt.tcgcsv.com/9pK,2024-07-26T16:42:56.483,1,66/114,Common,Darkness,60,Basic,[1] Scratch (10),[2] Slash (20),Fx2,1,0.75,0.92,29.99,1.06,29.99,Reverse Holofoil,P-20,,
88704,Reshiram,Reshiram,https://tcgplayer-cdn.tcgplayer.com/product/88704_200w.jpg,3,1400,https://cpt.tcgcsv.com/6vK,2022-12-27T19:46:05.603,1,26/114,Holo Rare,Fire,130,Basic,[2] Outrage (20+) Does 10 more damage for each damage counter on this Pokemon.,[1RR] Blue Flare (120) Discard 2 R Energy attached to this Pokemon.,Wx2,2,3.25,6.43,10.33,6.43,,Holofoil,,,
88704,Reshiram,Reshiram,https://tcgplayer-cdn.tcgplayer.com/product/88704_200w.jpg,3,1400,https://cpt.tcgcsv.com/6vK,2022-12-27T19:46:05.603,1,26/114,Holo Rare,Fire,130,Basic,[2] Outrage (20+) Does 10 more damage for each damage counter on this Pokemon.,[1RR] Blue Flare (120) Discard 2 R Energy attached to this Pokemon.,Wx2,2,3.25,4.5,6.88,7.21,,Reverse Holofoil,,,
88710,Reshiram (113 Full Art),Reshiram 113 Full Art,https://tcgplayer-cdn.tcgplayer.com/product/88710_200w.jpg,3,1400,https://cpt.tcgcsv.com/dvK,2025-12-11T01:31:06.623,1,113/114,Ultra Rare,Fire,130,Basic,[2] Outrage (20+) Does 10 more damage for each damage counter on this Pokemon.,[1RR] Blue Flare (120) Discard 2 R Energy attached to this Pokemon.,Wx2,2,65.8,118.92,202.16,123.78,52.27,Holofoil,,,
88719,Reuniclus,Reuniclus,https://tcgplayer-cdn.tcgplayer.com/product/88719_200w.jpg,3,1400,https://cpt.tcgcsv.com/pvK,2025-12-11T01:37:45.227,1,57/114,Holo Rare,Psychic,90,Stage 2,[PPP] Psywave (30+) Does 10 more damage for each Energy attached to the Defending Pokemon.,,Px2,2,1.0,1.56,6.8,2.61,,Holofoil,,"Damage Swap - As often as you like during your turn (before you attack), you may move 1 damage counter from 1 of your Pokemon to another of your Pokemon.  (Ability)",
88719,Reuniclus,Reuniclus,https://tcgplayer-cdn.tcgplayer.com/product/88719_200w.jpg,3,1400,https://cpt.tcgcsv.com/pvK,2025-12-11T01:37:45.227,1,57/114,Holo Rare,Psychic,90,Stage 2,[PPP] Psywave (30+) Does 10 more damage for each Energy attached to the Defending Pokemon.,,Px2,2,1.49,3.38,29.97,3.31,4.27,Reverse Holofoil,,"Damage Swap - As often as you like during your turn (before you attack), you may move 1 damage counter from 1 of your Pokemon to another of your Pokemon.  (Ability)",
88726,Revive,Revive,https://tcgplayer-cdn.tcgplayer.com/product/88726_200w.jpg,3,1400,https://cpt.tcgcsv.com/xvK,2024-02-23T09:38:30.117,1,102/114,Uncommon,Item,0,Item,Put a Basic Pokemon from your discard pile onto your Bench.,,,,0.04,0.25,69.98,0.22,0.1,Normal,,You may play as many Item cards as you like during your turn (before your attack).,
88726,Revive,Revive,https://tcgplayer-cdn.tcgplayer.com/product/88726_200w.jpg,3,1400,https://cpt.tcgcsv.com/xvK,2024-02-23T09:38:30.117,1,102/114,Uncommon,Item,0,Item,Put a Basic Pokemon from your discard pile onto your Bench.,,,,0.25,0.69,1.99,0.69,,Reverse Holofoil,,You may play as many Item cards as you like during your turn (before your attack).,
88907,Samurott (31),Samurott 31,https://tcgplayer-cdn.tcgplayer.com/product/88907_200w.jpg,3,1400,https://cpt.tcgcsv.com/9BK,2026-02-02T18:32:54.47,1,31/114,Holo Rare,Water,140,Stage 2,[2] Pike (30) Does 30 damage to 1 of your opponent's Benched Pokemon.  (Don't apply Weakness and Resistance for Benched Pokemon.),[1WW] Surf (80),Lx2,2,0.99,2.5,7.49,2.51,5.98,Holofoil,,,
88907,Samurott (31),Samurott 31,https://tcgplayer-cdn.tcgplayer.com/product/88907_200w.jpg,3,1400,https://cpt.tcgcsv.com/9BK,2026-02-02T18:32:54.47,1,31/114,Holo Rare,Water,140,Stage 2,[2] Pike (30) Does 30 damage to 1 of your opponent's Benched Pokemon.  (Don't apply Weakness and Resistance for Benched Pokemon.),[1WW] Surf (80),Lx2,2,1.25,2.1,6.75,2.28,,Reverse Holofoil,,,
88908,Samurott (32),Samurott 32,https://tcgplayer-cdn.tcgplayer.com/product/88908_200w.jpg,3,1400,https://cpt.tcgcsv.com/bBK,2022-12-27T19:46:57.94,1,32/114,Holo Rare,Water,140,Stage 2,[3] Hydro Pump (70+) Does 10 more damage for each W Energy attached to this Pokemon.,,Lx2,2,1.0,2.55,5.98,2.55,,Holofoil,,Shell Armor - Any damage done to this Pokemon by attacks is reduced by 20 (after applying Weakness and Resistance).  (Ability),
88908,Samurott (32),Samurott 32,https://tcgplayer-cdn.tcgplayer.com/product/88908_200w.jpg,3,1400,https://cpt.tcgcsv.com/bBK,2022-12-27T19:46:57.94,1,32/114,Holo Rare,Water,140,Stage 2,[3] Hydro Pump (70+) Does 10 more damage for each W Energy attached to this Pokemon.,,Lx2,2,2.1,4.63,8.18,4.97,,Reverse Holofoil,,Shell Armor - Any damage done to this Pokemon by attacks is reduced by 20 (after applying Weakness and Resistance).  (Ability),
88912,Sandile,Sandile,https://tcgplayer-cdn.tcgplayer.com/product/88912_200w.jpg,3,1400,https://cpt.tcgcsv.com/gBK,2022-12-27T20:05:46.187,1,63/114,Common,Fighting,70,Basic,[F] Sand Tomb (10) The Defending Pokemon can't retreat during your opponent's next turn.,[2F] Bite (30),Wx2,2,0.05,0.23,5.0,0.22,,Normal,L-20,,
88912,Sandile,Sandile,https://tcgplayer-cdn.tcgplayer.com/product/88912_200w.jpg,3,1400,https://cpt.tcgcsv.com/gBK,2022-12-27T20:05:46.187,1,63/114,Common,Fighting,70,Basic,[F] Sand Tomb (10) The Defending Pokemon can't retreat during your opponent's next turn.,[2F] Bite (30),Wx2,2,1.0,2.1,7.99,4.9,,Reverse Holofoil,L-20,,
88937,Sawk,Sawk,https://tcgplayer-cdn.tcgplayer.com/product/88937_200w.jpg,3,1400,https://cpt.tcgcsv.com/MBK,2022-12-27T20:05:38.97,1,62/114,Rare,Fighting,90,Basic,[F] Low Sweep (20),[FF] Beatdown (40),Px2,1,0.4,0.65,1.5,0.62,,Normal,,,
88937,Sawk,Sawk,https://tcgplayer-cdn.tcgplayer.com/product/88937_200w.jpg,3,1400,https://cpt.tcgcsv.com/MBK,2022-12-27T20:05:38.97,1,62/114,Rare,Fighting,90,Basic,[F] Low Sweep (20),[FF] Beatdown (40),Px2,1,1.07,2.08,3.63,2.12,2.69,Reverse Holofoil,,,
88941,Sawsbuck,Sawsbuck,https://tcgplayer-cdn.tcgplayer.com/product/88941_200w.jpg,3,1400,https://cpt.tcgcsv.com/RBK,2025-11-11T03:18:52.467,1,14/114,Rare,Grass,90,Stage 1,[1] Nature Power (20+) Does 10 more damage for each G Energy attached to both your and your opponent's Pokemon.,[2G] Horn Leech (60) Heal 20 damage from this Pokemon.,Rx2,1,1.22,2.28,24.82,3.05,,Normal,W-20,,
88941,Sawsbuck,Sawsbuck,https://tcgplayer-cdn.tcgplayer.com/product/88941_200w.jpg,3,1400,https://cpt.tcgcsv.com/RBK,2025-11-11T03:18:52.467,1,14/114,Rare,Grass,90,Stage 1,[1] Nature Power (20+) Does 10 more damage for each G Energy attached to both your and your opponent's Pokemon.,[2G] Horn Leech (60) Heal 20 damage from this Pokemon.,Rx2,1,5.48,7.99,7.99,5.22,,Reverse Holofoil,W-20,,
88968,Scolipede,Scolipede,https://tcgplayer-cdn.tcgplayer.com/product/88968_200w.jpg,3,1400,https://cpt.tcgcsv.com/nCK,2022-12-27T19:57:01.217,1,54/114,Rare,Psychic,150,Stage 2,[3] Steamroller (60) This attack's damage isn't affected by Resistance.,[2PP] Poison Claws (80) The Defending Pokemon is now Poisoned.,Px2,3,0.3,0.5,19.99,0.5,,Normal,,,
88968,Scolipede,Scolipede,https://tcgplayer-cdn.tcgplayer.com/product/88968_200w.jpg,3,1400,https://cpt.tcgcsv.com/nCK,2022-12-27T19:57:01.217,1,54/114,Rare,Psychic,150,Stage 2,[3] Steamroller (60) This attack's damage isn't affected by Resistance.,[2PP] Poison Claws (80) The Defending Pokemon is now Poisoned.,Px2,3,0.86,1.75,9.9,1.87,,Reverse Holofoil,,,
88977,Scrafty,Scrafty,https://tcgplayer-cdn.tcgplayer.com/product/88977_200w.jpg,3,1400,https://cpt.tcgcsv.com/zCK,2025-12-11T01:39:22.507,1,69/114,Rare,Darkness,90,Stage 1,"[D] Spit Acid (20) The Defending Pokemon is now Burned.  Flip a coin.  If heads, the Defending Pokemon is also Paralyzed.",[1DD] High Jump Kick (70),Fx2,1,0.05,0.61,1.31,0.75,,Normal,P-20,,
88977,Scrafty,Scrafty,https://tcgplayer-cdn.tcgplayer.com/product/88977_200w.jpg,3,1400,https://cpt.tcgcsv.com/zCK,2025-12-11T01:39:22.507,1,69/114,Rare,Darkness,90,Stage 1,"[D] Spit Acid (20) The Defending Pokemon is now Burned.  Flip a coin.  If heads, the Defending Pokemon is also Paralyzed.",[1DD] High Jump Kick (70),Fx2,1,1.11,2.29,3.84,2.34,,Reverse Holofoil,P-20,,
88981,Scraggy,Scraggy,https://tcgplayer-cdn.tcgplayer.com/product/88981_200w.jpg,3,1400,https://cpt.tcgcsv.com/FCK,2022-12-27T20:07:06.833,1,68/114,Common,Darkness,60,Basic,[1] Headbutt (10),,Fx2,1,0.09,0.3,5.0,0.33,,Normal,P-20,,
88981,Scraggy,Scraggy,https://tcgplayer-cdn.tcgplayer.com/product/88981_200w.jpg,3,1400,https://cpt.tcgcsv.com/FCK,2022-12-27T20:07:06.833,1,68/114,Common,Darkness,60,Basic,[1] Headbutt (10),,Fx2,1,0.39,1.02,2.6,1.71,,Reverse Holofoil,P-20,,
89069,Serperior (5),Serperior 5,https://tcgplayer-cdn.tcgplayer.com/product/89069_200w.jpg,3,1400,https://cpt.tcgcsv.com/pFK,2022-12-27T19:41:29.943,1,5/114,Holo Rare,Grass,130,Stage 2,[2] Vine Whip (40),[GG] Leaf Storm (60) Heal 20 damage from each of your G Pokemon.,Rx2,0,1.04,2.01,6.53,2.11,,Holofoil,W-20,,
89069,Serperior (5),Serperior 5,https://tcgplayer-cdn.tcgplayer.com/product/89069_200w.jpg,3,1400,https://cpt.tcgcsv.com/pFK,2022-12-27T19:41:29.943,1,5/114,Holo Rare,Grass,130,Stage 2,[2] Vine Whip (40),[GG] Leaf Storm (60) Heal 20 damage from each of your G Pokemon.,Rx2,0,2.2,4.0,9.75,5.8,,Reverse Holofoil,W-20,,
89070,Serperior (6),Serperior 6,https://tcgplayer-cdn.tcgplayer.com/product/89070_200w.jpg,3,1400,https://cpt.tcgcsv.com/qFK,2023-03-26T13:39:17.06,1,6/114,Holo Rare,Grass,130,Stage 2,[1G] Leaf Tornado (60) Move as many G Energy attached to your Pokemon to your other Pokemon in any way you like.,,Rx2,1,1.75,2.23,5.75,2.27,,Holofoil,W-20,"Royal Heal - At any time between turns, heal 10 damage from each of your Pokemon.  (Ability)",
89070,Serperior (6),Serperior 6,https://tcgplayer-cdn.tcgplayer.com/product/89070_200w.jpg,3,1400,https://cpt.tcgcsv.com/qFK,2023-03-26T13:39:17.06,1,6/114,Holo Rare,Grass,130,Stage 2,[1G] Leaf Tornado (60) Move as many G Energy attached to your Pokemon to your other Pokemon in any way you like.,,Rx2,1,1.89,2.72,8.75,2.69,,Reverse Holofoil,W-20,"Royal Heal - At any time between turns, heal 10 damage from each of your Pokemon.  (Ability)",
89076,Servine (3),Servine 3,https://tcgplayer-cdn.tcgplayer.com/product/89076_200w.jpg,3,1400,https://cpt.tcgcsv.com/xFK,2022-12-27T19:41:08.713,1,3/114,Uncommon,Grass,80,Stage 1,"[1] Wrap (20) Flip a coin.  If heads, the Defending Pokemon is now Paralyzed.",[1G] Tackle (30),Rx2,1,0.14,0.34,5.0,0.35,0.32,Normal,W-20,,
89076,Servine (3),Servine 3,https://tcgplayer-cdn.tcgplayer.com/product/89076_200w.jpg,3,1400,https://cpt.tcgcsv.com/xFK,2022-12-27T19:41:08.713,1,3/114,Uncommon,Grass,80,Stage 1,"[1] Wrap (20) Flip a coin.  If heads, the Defending Pokemon is now Paralyzed.",[1G] Tackle (30),Rx2,1,0.99,1.27,1.99,1.6,,Reverse Holofoil,W-20,,
89077,Servine (4),Servine 4,https://tcgplayer-cdn.tcgplayer.com/product/89077_200w.jpg,3,1400,https://cpt.tcgcsv.com/zFK,2023-02-11T07:38:34.823,1,4/114,Uncommon,Grass,80,Stage 1,"[1G] Wring Out (30) Flip a coin.  If heads, the Defending Pokemon is now Paralyzed and discard an Energy attached to the Defending Pokemon.",,Rx2,1,0.21,0.48,2.14,0.6,,Normal,W-20,,
89077,Servine (4),Servine 4,https://tcgplayer-cdn.tcgplayer.com/product/89077_200w.jpg,3,1400,https://cpt.tcgcsv.com/zFK,2023-02-11T07:38:34.823,1,4/114,Uncommon,Grass,80,Stage 1,"[1G] Wring Out (30) Flip a coin.  If heads, the Defending Pokemon is now Paralyzed and discard an Energy attached to the Defending Pokemon.",,Rx2,1,1.63,2.36,3.0,2.37,,Reverse Holofoil,W-20,,
89217,Simipour,Simipour,https://tcgplayer-cdn.tcgplayer.com/product/89217_200w.jpg,3,1400,https://cpt.tcgcsv.com/mJK,2022-12-27T19:47:12.73,1,34/114,Uncommon,Water,90,Stage 1,[W] Scald (20) The Defending Pokemon is now Burned.,[3] Fury Swipes (40x) Flip 3 coins.  This attack does 40 damage times the number of heads.,Lx2,1,0.1,0.25,1.0,0.25,,Normal,,,
89217,Simipour,Simipour,https://tcgplayer-cdn.tcgplayer.com/product/89217_200w.jpg,3,1400,https://cpt.tcgcsv.com/mJK,2022-12-27T19:47:12.73,1,34/114,Uncommon,Water,90,Stage 1,[W] Scald (20) The Defending Pokemon is now Burned.,[3] Fury Swipes (40x) Flip 3 coins.  This attack does 40 damage times the number of heads.,Lx2,1,0.3,0.57,2.0,0.82,,Reverse Holofoil,,,
89221,Simisage,Simisage,https://tcgplayer-cdn.tcgplayer.com/product/89221_200w.jpg,3,1400,https://cpt.tcgcsv.com/rJK,2025-12-11T01:45:35.567,1,8/114,Uncommon,Grass,90,Stage 1,[G] Seed Bomb (30),[3] Fury Swipes (40x) Flip 3 coins.  This attack does 40 damage times the number of heads.,Rx2,2,0.11,0.41,1.63,0.39,,Normal,W-20,,
89221,Simisage,Simisage,https://tcgplayer-cdn.tcgplayer.com/product/89221_200w.jpg,3,1400,https://cpt.tcgcsv.com/rJK,2025-12-11T01:45:35.567,1,8/114,Uncommon,Grass,90,Stage 1,[G] Seed Bomb (30),[3] Fury Swipes (40x) Flip 3 coins.  This attack does 40 damage times the number of heads.,Rx2,2,0.4,0.69,2.49,0.76,1.15,Reverse Holofoil,W-20,,
89225,Simisear,Simisear,https://tcgplayer-cdn.tcgplayer.com/product/89225_200w.jpg,3,1400,https://cpt.tcgcsv.com/wJK,2025-11-11T03:19:34.737,1,22/114,Uncommon,Fire,90,Stage 1,[R] Flame Burst (20) Does 20 damage to 2 of your opponent's Benched Pokemon.  (Don't apply Weakness and Resistance for Benched Pokemon.),[3] Fury Swipes (40x) Flip 3 coins.  This attack does 40 damage times the number of heads.,Wx2,1,0.1,0.29,1.49,0.27,,Normal,,,
89225,Simisear,Simisear,https://tcgplayer-cdn.tcgplayer.com/product/89225_200w.jpg,3,1400,https://cpt.tcgcsv.com/wJK,2025-11-11T03:19:34.737,1,22/114,Uncommon,Fire,90,Stage 1,[R] Flame Burst (20) Does 20 damage to 2 of your opponent's Benched Pokemon.  (Don't apply Weakness and Resistance for Benched Pokemon.),[3] Fury Swipes (40x) Flip 3 coins.  This attack does 40 damage times the number of heads.,Wx2,1,0.33,0.49,1.5,0.51,,Reverse Holofoil,,,
89375,Snivy (1),Snivy 1,https://tcgplayer-cdn.tcgplayer.com/product/89375_200w.jpg,3,1400,https://cpt.tcgcsv.com/wMK,2025-11-11T03:21:07.313,1,1/114,Common,Grass,60,Basic,[G] Tackle (10),[1G] Vine Whip (20),Rx2,1,0.05,0.3,1.96,0.3,0.35,Normal,W-20,,
89375,Snivy (1),Snivy 1,https://tcgplayer-cdn.tcgplayer.com/product/89375_200w.jpg,3,1400,https://cpt.tcgcsv.com/wMK,2025-11-11T03:21:07.313,1,1/114,Common,Grass,60,Basic,[G] Tackle (10),[1G] Vine Whip (20),Rx2,1,0.5,1.0,3.49,2.09,,Reverse Holofoil,W-20,,
89376,Snivy (2),Snivy 2,https://tcgplayer-cdn.tcgplayer.com/product/89376_200w.jpg,3,1400,https://cpt.tcgcsv.com/xMK,2025-11-11T03:22:23.28,1,2/114,Common,Grass,60,Basic,"[1G] Leaf Blade (10+) Flip a coin.  If heads, this attack does 30 more damage.",,Rx2,1,0.16,0.36,2.06,0.38,,Normal,W-20,,
89376,Snivy (2),Snivy 2,https://tcgplayer-cdn.tcgplayer.com/product/89376_200w.jpg,3,1400,https://cpt.tcgcsv.com/xMK,2025-11-11T03:22:23.28,1,2/114,Common,Grass,60,Basic,"[1G] Leaf Blade (10+) Flip a coin.  If heads, this attack does 30 more damage.",,Rx2,1,1.5,1.95,3.31,3.45,,Reverse Holofoil,W-20,,
89420,Solosis,Solosis,https://tcgplayer-cdn.tcgplayer.com/product/89420_200w.jpg,3,1400,https://cpt.tcgcsv.com/qNK,2024-07-26T16:42:56.863,1,55/114,Common,Psychic,30,Basic,[P] Cell Culture - Search your deck for Solosis and put it onto your Bench.  Shuffle your deck afterward.,[1P] Rollout (20),Px2,1,0.01,0.3,5.0,0.32,,Normal,,,
89420,Solosis,Solosis,https://tcgplayer-cdn.tcgplayer.com/product/89420_200w.jpg,3,1400,https://cpt.tcgcsv.com/qNK,2024-07-26T16:42:56.863,1,55/114,Common,Psychic,30,Basic,[P] Cell Culture - Search your deck for Solosis and put it onto your Bench.  Shuffle your deck afterward.,[1P] Rollout (20),Px2,1,0.68,1.1,2.99,1.59,,Reverse Holofoil,,,
89570,Stoutland,Stoutland,https://tcgplayer-cdn.tcgplayer.com/product/89570_200w.jpg,3,1400,https://cpt.tcgcsv.com/qRK,2025-11-11T03:23:16.993,1,83/114,Rare,Colorless,140,Stage 2,"[2] Odor Sleuth - Flip 3 coins.  For each heads, put a card from your discard pile into your hand.",[4] Giga Impact (90) This Pokemon can't attack during your next turn.,Fx2,3,0.24,0.59,1.99,0.91,0.4,Normal,,,
89570,Stoutland,Stoutland,https://tcgplayer-cdn.tcgplayer.com/product/89570_200w.jpg,3,1400,https://cpt.tcgcsv.com/qRK,2025-11-11T03:23:16.993,1,83/114,Rare,Colorless,140,Stage 2,"[2] Odor Sleuth - Flip 3 coins.  For each heads, put a card from your discard pile into your hand.",[4] Giga Impact (90) This Pokemon can't attack during your next turn.,Fx2,3,0.5,1.0,3.14,1.07,,Reverse Holofoil,,,
89641,Super Scoop Up,Super Scoop Up,https://tcgplayer-cdn.tcgplayer.com/product/89641_200w.jpg,3,1400,https://cpt.tcgcsv.com/RSK,2022-12-27T20:15:26.837,1,103/114,Uncommon,Item,0,Item,"Flip a coin.  If heads, put 1 of your Pokemon and all cards attached to it into your hand.",,,,0.02,0.25,2.37,0.18,,Normal,,You may play as many Item cards as you like during your turn (before your attack).,
89641,Super Scoop Up,Super Scoop Up,https://tcgplayer-cdn.tcgplayer.com/product/89641_200w.jpg,3,1400,https://cpt.tcgcsv.com/RSK,2022-12-27T20:15:26.837,1,103/114,Uncommon,Item,0,Item,"Flip a coin.  If heads, put 1 of your Pokemon and all cards attached to it into your hand.",,,,0.33,0.5,2.56,0.53,,Reverse Holofoil,,You may play as many Item cards as you like during your turn (before your attack).,
89684,Swanna,Swanna,https://tcgplayer-cdn.tcgplayer.com/product/89684_200w.jpg,3,1400,https://cpt.tcgcsv.com/JTK,2025-11-11T03:24:00.393,1,37/114,Rare,Water,90,Stage 1,"[1] Feather Dance - During your next turn, each of this Pokemon's attacks does 40 more damage (before applying Weakness and Resistance).",[1W] Aqua Ring (40) Switch this Pokemon with 1 of your Benched Pokemon.,Lx2,1,0.1,0.49,1.99,0.54,0.98,Normal,F-20,,
89684,Swanna,Swanna,https://tcgplayer-cdn.tcgplayer.com/product/89684_200w.jpg,3,1400,https://cpt.tcgcsv.com/JTK,2025-11-11T03:24:00.393,1,37/114,Rare,Water,90,Stage 1,"[1] Feather Dance - During your next turn, each of this Pokemon's attacks does 40 more damage (before applying Weakness and Resistance).",[1W] Aqua Ring (40) Switch this Pokemon with 1 of your Benched Pokemon.,Lx2,1,0.79,1.11,2.99,1.09,,Reverse Holofoil,F-20,,
89721,Switch,Switch,https://tcgplayer-cdn.tcgplayer.com/product/89721_200w.jpg,3,1400,https://cpt.tcgcsv.com/rVK,2026-01-28T15:39:32.047,1,104/114,Common,Item,0,Item,Switch your Active Pokemon with 1 of your Benched Pokemon.,,,,0.04,0.25,5.0,0.21,0.1,Normal,,You may play as many Item cards as you like during your turn (before your attack).,
89721,Switch,Switch,https://tcgplayer-cdn.tcgplayer.com/product/89721_200w.jpg,3,1400,https://cpt.tcgcsv.com/rVK,2026-01-28T15:39:32.047,1,104/114,Common,Item,0,Item,Switch your Active Pokemon with 1 of your Benched Pokemon.,,,,0.25,0.64,3.99,0.59,,Reverse Holofoil,,You may play as many Item cards as you like during your turn (before your attack).,
89724,Swoobat,Swoobat,https://tcgplayer-cdn.tcgplayer.com/product/89724_200w.jpg,3,1400,https://cpt.tcgcsv.com/vVK,2022-12-27T19:55:20.47,1,51/114,Uncommon,Psychic,80,Stage 1,"[1] Attract - If the Defending Pokemon tries to attack during your opponent's next turn, your opponent flips a coin.  If tails, that attack does nothing.",[1P] Heart Stamp (40),Lx2,1,0.1,0.35,5.0,0.35,,Normal,F-20,,
89724,Swoobat,Swoobat,https://tcgplayer-cdn.tcgplayer.com/product/89724_200w.jpg,3,1400,https://cpt.tcgcsv.com/vVK,2022-12-27T19:55:20.47,1,51/114,Uncommon,Psychic,80,Stage 1,"[1] Attract - If the Defending Pokemon tries to attack during your opponent's next turn, your opponent flips a coin.  If tails, that attack does nothing.",[1P] Heart Stamp (40),Lx2,1,0.76,0.9,1.25,0.97,,Reverse Holofoil,F-20,,
89879,Tepig (15),Tepig 15,https://tcgplayer-cdn.tcgplayer.com/product/89879_200w.jpg,3,1400,https://cpt.tcgcsv.com/CZK,2024-06-27T08:37:35.43,1,15/114,Common,Fire,60,Basic,[R] Tackle (10),[1R] Rollout (20),Wx2,1,0.05,0.3,5.0,0.3,,Normal,,,
89879,Tepig (15),Tepig 15,https://tcgplayer-cdn.tcgplayer.com/product/89879_200w.jpg,3,1400,https://cpt.tcgcsv.com/CZK,2024-06-27T08:37:35.43,1,15/114,Common,Fire,60,Basic,[R] Tackle (10),[1R] Rollout (20),Wx2,1,1.0,1.5,3.0,1.76,,Reverse Holofoil,,,
89880,Tepig (16),Tepig 16,https://tcgplayer-cdn.tcgplayer.com/product/89880_200w.jpg,3,1400,https://cpt.tcgcsv.com/DZK,2025-12-11T01:46:01.807,1,16/114,Common,Fire,70,Basic,[1R] Take Down (30) This Pokemon does 10 damage to itself.,,Wx2,2,0.1,0.3,2.06,0.3,,Normal,,,
89880,Tepig (16),Tepig 16,https://tcgplayer-cdn.tcgplayer.com/product/89880_200w.jpg,3,1400,https://cpt.tcgcsv.com/DZK,2025-12-11T01:46:01.807,1,16/114,Common,Fire,70,Basic,[1R] Take Down (30) This Pokemon does 10 damage to itself.,,Wx2,2,0.88,2.01,7.99,2.05,,Reverse Holofoil,,,
89899,Throh,Throh,https://tcgplayer-cdn.tcgplayer.com/product/89899_200w.jpg,3,1400,https://cpt.tcgcsv.com/_ZK,2022-12-27T20:05:32.333,1,61/114,Rare,Fighting,100,Basic,[1F] Circle Throw (30) Your opponent switches the Defending Pokemon with 1 of his or her Benched Pokemon.,[1FF] Storm Throw (80) This attack's damage isn't affected by Resistance.,Px2,3,0.55,1.0,4.0,1.01,0.64,Normal,,,
89899,Throh,Throh,https://tcgplayer-cdn.tcgplayer.com/product/89899_200w.jpg,3,1400,https://cpt.tcgcsv.com/_ZK,2022-12-27T20:05:32.333,1,61/114,Rare,Fighting,100,Basic,[1F] Circle Throw (30) Your opponent switches the Defending Pokemon with 1 of his or her Benched Pokemon.,[1FF] Storm Throw (80) This attack's damage isn't affected by Resistance.,Px2,3,1.41,2.0,3.99,2.37,,Reverse Holofoil,,,
89912,Timburr (58),Timburr 58,https://tcgplayer-cdn.tcgplayer.com/product/89912_200w.jpg,3,1400,https://cpt.tcgcsv.com/g-K,2023-08-18T16:45:58.283,1,58/114,Common,Fighting,60,Basic,[FF] Pound (30),,Px2,1,0.01,0.22,1.49,0.2,,Normal,,,
89912,Timburr (58),Timburr 58,https://tcgplayer-cdn.tcgplayer.com/product/89912_200w.jpg,3,1400,https://cpt.tcgcsv.com/g-K,2023-08-18T16:45:58.283,1,58/114,Common,Fighting,60,Basic,[FF] Pound (30),,Px2,1,0.41,0.7,2.3,0.99,,Reverse Holofoil,,,
89913,Timburr (59),Timburr 59,https://tcgplayer-cdn.tcgplayer.com/product/89913_200w.jpg,3,1400,https://cpt.tcgcsv.com/h-K,2022-12-27T19:59:39.967,1,59/114,Common,Fighting,70,Basic,[1] Low Kick (10),[1F] Pound (20),Px2,2,0.11,0.26,5.0,0.27,,Normal,,,
89913,Timburr (59),Timburr 59,https://tcgplayer-cdn.tcgplayer.com/product/89913_200w.jpg,3,1400,https://cpt.tcgcsv.com/h-K,2022-12-27T19:59:39.967,1,59/114,Common,Fighting,70,Basic,[1] Low Kick (10),[1F] Pound (20),Px2,2,0.77,3.14,29.78,0.93,3.13,Reverse Holofoil,,,
90014,Tranquill,Tranquill,https://tcgplayer-cdn.tcgplayer.com/product/90014_200w.jpg,3,1400,https://cpt.tcgcsv.com/j0L,2024-07-26T16:42:57.113,1,85/114,Uncommon,Colorless,70,Stage 1,[1] Gust (20),"[2] Quick Attack (20+) Flip a coin.  If heads, this attack does 30 more damage.",Lx2,1,0.09,0.25,1.0,0.22,,Normal,F-20,,
90014,Tranquill,Tranquill,https://tcgplayer-cdn.tcgplayer.com/product/90014_200w.jpg,3,1400,https://cpt.tcgcsv.com/j0L,2024-07-26T16:42:57.113,1,85/114,Uncommon,Colorless,70,Stage 1,[1] Gust (20),"[2] Quick Attack (20+) Flip a coin.  If heads, this attack does 30 more damage.",Lx2,1,0.26,1.45,4.98,1.69,,Reverse Holofoil,F-20,,
90159,Unfezant,Unfezant,https://tcgplayer-cdn.tcgplayer.com/product/90159_200w.jpg,3,1400,https://cpt.tcgcsv.com/c5L,2025-11-11T03:43:39.447,1,86/114,Rare,Colorless,120,Stage 2,"[2] Fly (50) Flip a coin.  If tails, this attack does nothing.  If heads, prevent all effects of attacks, including damage, done to this Pokemon during your opponent's next turn.",[3] Cutting Wind (70),Lx2,1,0.17,0.4,2.25,0.41,0.38,Normal,F-20,,
90159,Unfezant,Unfezant,https://tcgplayer-cdn.tcgplayer.com/product/90159_200w.jpg,3,1400,https://cpt.tcgcsv.com/c5L,2025-11-11T03:43:39.447,1,86/114,Rare,Colorless,120,Stage 2,"[2] Fly (50) Flip a coin.  If tails, this attack does nothing.  If heads, prevent all effects of attacks, including damage, done to this Pokemon during your opponent's next turn.",[3] Cutting Wind (70),Lx2,1,0.55,1.34,4.99,1.38,,Reverse Holofoil,F-20,,
90294,Venipede,Venipede,https://tcgplayer-cdn.tcgplayer.com/product/90294_200w.jpg,3,1400,https://cpt.tcgcsv.com/V7L,2024-07-26T16:42:57.223,1,52/114,Common,Psychic,70,Basic,[P] Ram (10),[3] Rollout (30),Px2,2,0.03,0.22,5.0,0.21,0.1,Normal,,,
90294,Venipede,Venipede,https://tcgplayer-cdn.tcgplayer.com/product/90294_200w.jpg,3,1400,https://cpt.tcgcsv.com/V7L,2024-07-26T16:42:57.223,1,52/114,Common,Psychic,70,Basic,[P] Ram (10),[3] Rollout (30),Px2,2,0.3,1.55,5.99,2.01,,Reverse Holofoil,,,
90428,Vullaby,Vullaby,https://tcgplayer-cdn.tcgplayer.com/product/90428_200w.jpg,3,1400,https://cpt.tcgcsv.com/BbL,2025-11-24T12:52:08.707,1,72/114,Common,Darkness,60,Basic,"[D] Surprise Attack (20) Flip a coin.  If tails, this attack does nothing.",,Lx2,1,0.13,0.28,1.0,0.27,0.27,Normal,F-20,,
90428,Vullaby,Vullaby,https://tcgplayer-cdn.tcgplayer.com/product/90428_200w.jpg,3,1400,https://cpt.tcgcsv.com/BbL,2025-11-24T12:52:08.707,1,72/114,Common,Darkness,60,Basic,"[D] Surprise Attack (20) Flip a coin.  If tails, this attack does nothing.",,Lx2,1,0.8,1.0,1.34,0.8,,Reverse Holofoil,F-20,,
90495,Watchog,Watchog,https://tcgplayer-cdn.tcgplayer.com/product/90495_200w.jpg,3,1400,https://cpt.tcgcsv.com/WcL,2022-12-27T20:09:28.803,1,79/114,Uncommon,Colorless,90,Stage 1,[2] Confuse Ray - The Defending Pokemon is now Confused.,"[2] Hyper Fang (60) Flip a coin.  If tails, this attack does nothing.",Fx2,1,0.14,0.51,29.82,0.74,1.43,Normal,,,
90495,Watchog,Watchog,https://tcgplayer-cdn.tcgplayer.com/product/90495_200w.jpg,3,1400,https://cpt.tcgcsv.com/WcL,2022-12-27T20:09:28.803,1,79/114,Uncommon,Colorless,90,Stage 1,[2] Confuse Ray - The Defending Pokemon is now Confused.,"[2] Hyper Fang (60) Flip a coin.  If tails, this attack does nothing.",Fx2,1,0.5,0.75,1.49,0.67,,Reverse Holofoil,,,
90526,Water Energy,Water Energy,https://tcgplayer-cdn.tcgplayer.com/product/90526_200w.jpg,3,1400,https://cpt.tcgcsv.com/xdL,2022-12-27T20:16:03.867,1,107/114,Common,Energy,0,Energy,,,,,2.95,2.97,7.4,7.4,,Normal,,,
90570,Whirlipede,Whirlipede,https://tcgplayer-cdn.tcgplayer.com/product/90570_200w.jpg,3,1400,https://cpt.tcgcsv.com/qfL,2023-04-04T10:29:55.42,1,53/114,Uncommon,Psychic,90,Stage 1,[1P] Poison Sting (20) The Defending Pokemon is now Poisoned.,[2P] Rollout (50),Px2,2,0.1,0.29,9.09,0.31,,Normal,,,
90570,Whirlipede,Whirlipede,https://tcgplayer-cdn.tcgplayer.com/product/90570_200w.jpg,3,1400,https://cpt.tcgcsv.com/qfL,2023-04-04T10:29:55.42,1,53/114,Uncommon,Psychic,90,Stage 1,[1P] Poison Sting (20) The Defending Pokemon is now Poisoned.,[2P] Rollout (50),Px2,2,0.94,1.32,4.54,2.28,,Reverse Holofoil,,,
90624,Woobat,Woobat,https://tcgplayer-cdn.tcgplayer.com/product/90624_200w.jpg,3,1400,https://cpt.tcgcsv.com/vgL,2022-12-27T19:55:06.007,1,50/114,Common,Psychic,50,Basic,[1] Gust (10),,Lx2,1,0.04,0.29,1.49,0.33,,Normal,F-20,,
90624,Woobat,Woobat,https://tcgplayer-cdn.tcgplayer.com/product/90624_200w.jpg,3,1400,https://cpt.tcgcsv.com/vgL,2022-12-27T19:55:06.007,1,50/114,Common,Psychic,50,Basic,[1] Gust (10),,Lx2,1,0.54,0.85,3.99,0.88,,Reverse Holofoil,F-20,,
90727,Zebstrika (42),Zebstrika 42,https://tcgplayer-cdn.tcgplayer.com/product/90727_200w.jpg,3,1400,https://cpt.tcgcsv.com/zjL,2025-12-11T01:46:34.117,1,42/114,Uncommon,Lightning,90,Stage 1,"[2] Stomp (20+) Flip a coin.  If heads, this attack does 20 damage plus 20 more damage.",[1LL] Wild Charge (70) This Pokemon does 10 damage to itself.,Fx2,1,0.1,0.4,1.49,0.39,0.4,Normal,,,
90727,Zebstrika (42),Zebstrika 42,https://tcgplayer-cdn.tcgplayer.com/product/90727_200w.jpg,3,1400,https://cpt.tcgcsv.com/zjL,2025-12-11T01:46:34.117,1,42/114,Uncommon,Lightning,90,Stage 1,"[2] Stomp (20+) Flip a coin.  If heads, this attack does 20 damage plus 20 more damage.",[1LL] Wild Charge (70) This Pokemon does 10 damage to itself.,Fx2,1,0.75,1.13,3.0,1.55,2.98,Reverse Holofoil,,,
90728,Zebstrika (43),Zebstrika 43,https://tcgplayer-cdn.tcgplayer.com/product/90728_200w.jpg,3,1400,https://cpt.tcgcsv.com/BjL,2022-12-27T19:50:46.963,1,43/114,Rare,Lightning,90,Stage 1,[1] Rear Kick (30),[LLL] Electrispark (70) Does 10 damage to each of your opponent's Benched Pokemon.  (Don't apply Weakness and Resistance for Benched Pokemon.),Fx2,1,0.35,0.83,1.77,0.82,,Normal,,,
90728,Zebstrika (43),Zebstrika 43,https://tcgplayer-cdn.tcgplayer.com/product/90728_200w.jpg,3,1400,https://cpt.tcgcsv.com/BjL,2022-12-27T19:50:46.963,1,43/114,Rare,Lightning,90,Stage 1,[1] Rear Kick (30),[LLL] Electrispark (70) Does 10 damage to each of your opponent's Benched Pokemon.  (Don't apply Weakness and Resistance for Benched Pokemon.),Fx2,1,0.81,2.09,6.99,3.84,,Reverse Holofoil,,,
90732,Zekrom,Zekrom,https://tcgplayer-cdn.tcgplayer.com/product/90732_200w.jpg,3,1400,https://cpt.tcgcsv.com/GjL,2024-10-18T17:39:50.38,1,47/114,Holo Rare,Lightning,130,Basic,[2] Outrage (20+) Does 10 more damage for each damage counter on this Pokemon.,[1LL] Bolt Strike (120) This Pokemon does 40 damage to itself.,Fx2,2,3.88,4.52,7.42,7.08,,Holofoil,,,
90732,Zekrom,Zekrom,https://tcgplayer-cdn.tcgplayer.com/product/90732_200w.jpg,3,1400,https://cpt.tcgcsv.com/GjL,2024-10-18T17:39:50.38,1,47/114,Holo Rare,Lightning,130,Basic,[2] Outrage (20+) Does 10 more damage for each damage counter on this Pokemon.,[1LL] Bolt Strike (120) This Pokemon does 40 damage to itself.,Fx2,2,4.02,6.26,25.99,6.01,,Reverse Holofoil,,,
90738,Zekrom (114 Full Art),Zekrom 114 Full Art,https://tcgplayer-cdn.tcgplayer.com/product/90738_200w.jpg,3,1400,https://cpt.tcgcsv.com/NjL,2025-12-11T01:49:50.12,1,114/114,Ultra Rare,Lightning,130,Basic,"[2] Outrage (20+) 
<br>Does 10 more damage for each damage counter on this Pokemon.","[1LL] Bolt Strike (120) 
<br>This Pokemon does 40 damage to itself.",Fx2,2,74.73,133.6,450.0,154.19,148.95,Holofoil,None,,
90749,Zoroark,Zoroark,https://tcgplayer-cdn.tcgplayer.com/product/90749_200w.jpg,3,1400,https://cpt.tcgcsv.com/_jL,2026-02-04T19:57:25.33,1,71/114,Holo Rare,Darkness,100,Stage 1,[D] Nasty Plot - Search your deck for a card and put it into your hand.  Shuffle your deck afterward.,[2] Foul Play - Choose 1 of the Defending Pokemon's attacks and use it as this attack.,Fx2,1,2.5,4.2,10.0,4.21,4.21,Holofoil,P-20,,
90749,Zoroark,Zoroark,https://tcgplayer-cdn.tcgplayer.com/product/90749_200w.jpg,3,1400,https://cpt.tcgcsv.com/_jL,2026-02-04T19:57:25.33,1,71/114,Holo Rare,Darkness,100,Stage 1,[D] Nasty Plot - Search your deck for a card and put it into your hand.  Shuffle your deck afterward.,[2] Foul Play - Choose 1 of the Defending Pokemon's attacks and use it as this attack.,Fx2,1,5.5,9.69,4321.0,9.72,,Reverse Holofoil,P-20,,
90757,Zorua,Zorua,https://tcgplayer-cdn.tcgplayer.com/product/90757_200w.jpg,3,1400,https://cpt.tcgcsv.com/9kL,2022-12-27T20:07:48.33,1,70/114,Common,Darkness,60,Basic,"[2] Lunge (30) Flip a coin.  If tails, this attack does nothing.",,Fx2,1,0.04,0.35,5.0,0.48,,Normal,P-20,,
90757,Zorua,Zorua,https://tcgplayer-cdn.tcgplayer.com/product/90757_200w.jpg,3,1400,https://cpt.tcgcsv.com/9kL,2022-12-27T20:07:48.33,1,70/114,Common,Darkness,60,Basic,"[2] Lunge (30) Flip a coin.  If tails, this attack does nothing.",,Fx2,1,3.81,8.68,9.99,4.36,,Reverse Holofoil,P-20,,
98552,Black and White Booster Box,Black and White Booster Box,https://tcgplayer-cdn.tcgplayer.com/product/98552_200w.jpg,3,1400,https://cpt.tcgcsv.com/3rP,2015-05-06T14:09:49.96,1,,,,,,,,,,,,,,,,,,
98553,Black and White Booster Pack,Black and White Booster Pack,https://tcgplayer-cdn.tcgplayer.com/product/98553_200w.jpg,3,1400,https://cpt.tcgcsv.com/5rP,2017-07-22T17:06:08.383,1,,,,,,,,,,,,,,,,,,
98610,"Black & White Theme Deck - ""Green Tornado"" [Serperior]",Black and White Theme Deck Green Tornado Serperior,https://tcgplayer-cdn.tcgplayer.com/product/98610_200w.jpg,3,1400,https://cpt.tcgcsv.com/dsP,2021-02-17T15:59:43.443,1,,,,,,,,,,,,,,,,,"<em>Play the Green Tornado theme deck to blow away the opposition while sheltering your own Pokmon with Serperior's Leaf Storm attack! Then, bring Sawsbuck into the action and overwhelm your opponent's Pokemon with its ""the greener, the meaner"" Nature Power attack! And if your opponents can weather the storm with tough Pokemon, let them ride it out in peaceful slumbers with Musharna's Hypnotic Ray attack! With the Green Tornado theme deck, will you whirl your way to victory?</em>
<br><br><strong>Contents:</strong>
<br> 1 60-card preconstructed deck
<br> Damage counters
<br> 1 coin",
98611,"Black & White Theme Deck - ""Red Frenzy"" [Emboar]",Black and White Theme Deck Red Frenzy Emboar,https://tcgplayer-cdn.tcgplayer.com/product/98611_200w.jpg,3,1400,https://cpt.tcgcsv.com/fsP,2021-02-17T15:59:49.553,1,,,,,,,,,,99.9,99.9,99.9,99.9,,Normal,,"<em>Unleash a firestorm in the Red Frenzy theme deck with the mighty Mega Fire Pig Pokemon Emboar! Feeling burned out after its tremendous Flare Blitz attack? Well fan the flames with the Energy Retrieval Trainer card and reignite with Emboar's Heat Crash attack! Then add fuel to the fire and insult to injury with Stoutland's Giga Impact attack! Let your opponents feel the heat when you play the Red Frenzy theme deck!</em>
<br><br><strong>Contents:</strong>
<br> 1 60-card preconstructed deck
<br> Damage counters
<br> 1 coin",
98612,"Black & White Theme Deck - ""Blue Assault"" [Samurott]",Black and White Theme Deck Blue Assault Samurott,https://tcgplayer-cdn.tcgplayer.com/product/98612_200w.jpg,3,1400,https://cpt.tcgcsv.com/gsP,2021-02-17T15:59:36.677,1,,,,,,,,,,99.9,99.9,99.9,,,Normal,,"<em>Your opponents will soon find themselves in troubled waters with the Blue Assault theme deck, especially when you unleash Galvantula! Its Electroweb attack is sure to leave them in sticky situations, and its Leech Life attack will keep your own Pokmon going strong! Use Basculin's Crunch attack to leave your opponent's Pokmon high and dry while Professor Juniper brings you calm waters. Will you be able to batter the opposition with the Blue Assault theme deck?</em>
<br><br><strong>Contents:</strong>
<br> 1 60-card preconstructed deck
<br> Damage counters
<br> 1 coin",
98613,Victini Box,Victini Box,https://tcgplayer-cdn.tcgplayer.com/product/98613_200w.jpg,3,1400,https://cpt.tcgcsv.com/hsP,2019-12-19T20:03:51.223,1,,,,,,,,,,,,,,,,,"Every battle has a victor... Will it be you? With Victini by your side, it could be! In the Victini Box, you'll find the Victory Pokemon Victini as a spectacular collectible figure to watch all over all of your games! Plus, you get five booster packs from the Black & White expansion series, and a specially selected foil promo card to add to your collection, giving you even more Pokemon to take with you to your next victory!",0820650106118
98614,Collector's Album Box,Collectors Album Box,https://tcgplayer-cdn.tcgplayer.com/product/98614_200w.jpg,3,1400,https://cpt.tcgcsv.com/jsP,2015-05-06T17:26:38.62,1,,,,,,,,,,,,,,,,,,
98615,New Legends Tin [Reshiram],New Legends Tin Reshiram,https://tcgplayer-cdn.tcgplayer.com/product/98615_200w.jpg,3,1400,https://cpt.tcgcsv.com/ksP,2015-05-06T17:27:59.077,1,,,,,,,,,,,,,,,,,,
98616,New Legends Tin [Zekrom],New Legends Tin Zekrom,https://tcgplayer-cdn.tcgplayer.com/product/98616_200w.jpg,3,1400,https://cpt.tcgcsv.com/lsP,2015-05-06T17:28:17.91,1,,,,,,,,,,,,,,,,,,
280518,"Code Card - Black and White Theme Deck - ""Green Tornado"" [Serperior]",Code Card Black and White Theme Deck Green Tornado Serperior,https://tcgplayer-cdn.tcgplayer.com/product/280518_200w.jpg,3,1400,https://cpt.tcgcsv.com/ndg3,2022-07-27T20:46:33.713,1,,Code Card,,,,,,,,,,,,,,,"This listing is <strong>not</strong> a physical item. Please keep in mind that this <strong>Code Card</strong> listing represents a digital copy of the stated item for the Pokmon TCG Online <strong>and/or</strong> the Pokmon TCG Live games. You may receive the physical <strong>Code Card</strong>. Upon purchase, please work with your specific Seller by sending them a message using the <strong>Contact Seller</strong> button on the order details in your <a href=https://store.tcgplayer.com/myaccount/orderhistory>Order History</a> to opt in to having your <strong>Code Card</strong> code delivered digitally due to the nature of the product.",
280519,"Code Card - Black and White Theme Deck - ""Red Frenzy"" [Emboar]",Code Card Black and White Theme Deck Red Frenzy Emboar,https://tcgplayer-cdn.tcgplayer.com/product/280519_200w.jpg,3,1400,https://cpt.tcgcsv.com/pdg3,2022-07-27T20:46:45.603,1,,Code Card,,,,,,,,,,,,,,,"This listing is <strong>not</strong> a physical item. Please keep in mind that this <strong>Code Card</strong> listing represents a digital copy of the stated item for the Pokmon TCG Online <strong>and/or</strong> the Pokmon TCG Live games. You may receive the physical <strong>Code Card</strong>. Upon purchase, please work with your specific Seller by sending them a message using the <strong>Contact Seller</strong> button on the order details in your <a href=https://store.tcgplayer.com/myaccount/orderhistory>Order History</a> to opt in to having your <strong>Code Card</strong> code delivered digitally due to the nature of the product.",
280520,"Code Card - Black and White Theme Deck - ""Blue Assault"" [Samurott]",Code Card Black and White Theme Deck Blue Assault Samurott,https://tcgplayer-cdn.tcgplayer.com/product/280520_200w.jpg,3,1400,https://cpt.tcgcsv.com/qdg3,2022-07-27T20:46:58.207,1,,Code Card,,,,,,,,,,,,,,,"This listing is <strong>not</strong> a physical item. Please keep in mind that this <strong>Code Card</strong> listing represents a digital copy of the stated item for the Pokmon TCG Online <strong>and/or</strong> the Pokmon TCG Live games. You may receive the physical <strong>Code Card</strong>. Upon purchase, please work with your specific Seller by sending them a message using the <strong>Contact Seller</strong> button on the order details in your <a href=https://store.tcgplayer.com/myaccount/orderhistory>Order History</a> to opt in to having your <strong>Code Card</strong> code delivered digitally due to the nature of the product.",
280521,Code Card - Black and White Booster Pack,Code Card Black and White Booster Pack,https://tcgplayer-cdn.tcgplayer.com/product/280521_200w.jpg,3,1400,https://cpt.tcgcsv.com/rdg3,2022-07-27T20:47:11.16,1,,Code Card,,,,,,,,1.99,1.99,1.99,,,Normal,,"This listing is <strong>not</strong> a physical item. Please keep in mind that this <strong>Code Card</strong> listing represents a digital copy of the stated item for the Pokmon TCG Online <strong>and/or</strong> the Pokmon TCG Live games. You may receive the physical <strong>Code Card</strong>. Upon purchase, please work with your specific Seller by sending them a message using the <strong>Contact Seller</strong> button on the order details in your <a href=https://store.tcgplayer.com/myaccount/orderhistory>Order History</a> to opt in to having your <strong>Code Card</strong> code delivered digitally due to the nature of the product.",
280523,Code Card - New Legends Tin [Reshiram],Code Card New Legends Tin Reshiram,https://tcgplayer-cdn.tcgplayer.com/product/280523_200w.jpg,3,1400,https://cpt.tcgcsv.com/tdg3,2022-07-27T20:47:26.683,1,,Code Card,,,,,,,,,,,,,,,"This listing is <strong>not</strong> a physical item. Please keep in mind that this <strong>Code Card</strong> listing represents a digital copy of the stated item for the Pokmon TCG Online <strong>and/or</strong> the Pokmon TCG Live games. You may receive the physical <strong>Code Card</strong>. Upon purchase, please work with your specific Seller by sending them a message using the <strong>Contact Seller</strong> button on the order details in your <a href=https://store.tcgplayer.com/myaccount/orderhistory>Order History</a> to opt in to having your <strong>Code Card</strong> code delivered digitally due to the nature of the product.",
280524,Code Card - New Legends Tin [Zekrom],Code Card New Legends Tin Zekrom,https://tcgplayer-cdn.tcgplayer.com/product/280524_200w.jpg,3,1400,https://cpt.tcgcsv.com/vdg3,2022-07-27T20:47:42.893,1,,Code Card,,,,,,,,,,,,,,,"This listing is <strong>not</strong> a physical item. Please keep in mind that this <strong>Code Card</strong> listing represents a digital copy of the stated item for the Pokmon TCG Online <strong>and/or</strong> the Pokmon TCG Live games. You may receive the physical <strong>Code Card</strong>. Upon purchase, please work with your specific Seller by sending them a message using the <strong>Contact Seller</strong> button on the order details in your <a href=https://store.tcgplayer.com/myaccount/orderhistory>Order History</a> to opt in to having your <strong>Code Card</strong> code delivered digitally due to the nature of the product.",
280525,Code Card - Victini Box,Code Card Victini Box,https://tcgplayer-cdn.tcgplayer.com/product/280525_200w.jpg,3,1400,https://cpt.tcgcsv.com/wdg3,2022-07-27T20:47:56.3,1,,Code Card,,,,,,,,0.1,0.1,0.1,0.1,,Normal,,"This listing is <strong>not</strong> a physical item. Please keep in mind that this <strong>Code Card</strong> listing represents a digital copy of the stated item for the Pokmon TCG Online <strong>and/or</strong> the Pokmon TCG Live games. You may receive the physical <strong>Code Card</strong>. Upon purchase, please work with your specific Seller by sending them a message using the <strong>Contact Seller</strong> button on the order details in your <a href=https://store.tcgplayer.com/myaccount/orderhistory>Order History</a> to opt in to having your <strong>Code Card</strong> code delivered digitally due to the nature of the product.",
454432,Black & White 3 Pack Booster Blister Special Edition [Wigglytuff],Black and White 3 Pack Booster Blister Special Edition Wigglytuff,https://tcgplayer-cdn.tcgplayer.com/product/454432_200w.jpg,3,1400,https://cpt.tcgcsv.com/GNF5,2022-12-12T17:11:02.387,1,,,,,,,,,,,,,,,,,"3 Pack Blister includes 3 Booster Packs, a promotional card, and a collectible Pokemon coin! Each pack contains 10 cards.",
647775,Black and White Preview Pack,Black and White Preview Pack,https://tcgplayer-cdn.tcgplayer.com/product/647775_200w.jpg,3,1400,https://cpt.tcgcsv.com/w7c7,2025-08-06T15:02:08.37,0,,,,,,,,,,30.0,30.0,30.0,22.0,,Normal,,Each Black and White Preview Pack contains 5 preview cards,
